날짜,요일,홈,방문,구장,관중수
2017/03/31,금,두산,한화,잠실,"21,121"
2017/03/31,금,삼성,KIA,대구,"13,505"
2017/03/31,금,SK,KT,문학,"13,649"
2017/03/31,금,넥센,LG,고척,"8,013"
2017/03/31,금,NC,롯데,마산,"11,000"
2017/04/01,토,두산,한화,잠실,"20,636"
2017/04/01,토,삼성,KIA,대구,"10,062"
2017/04/01,토,SK,KT,문학,"11,291"
2017/04/01,토,넥센,LG,고척,"8,889"
2017/04/01,토,NC,롯데,마산,"9,596"
2017/04/02,일,두산,한화,잠실,"22,457"
2017/04/02,일,삼성,KIA,대구,"14,406"
2017/04/02,일,SK,KT,문학,"10,186"
2017/04/02,일,넥센,LG,고척,"9,130"
2017/04/02,일,NC,롯데,마산,"11,000"
2017/04/04,화,한화,NC,대전,"10,597"
2017/04/04,화,KT,두산,수원,"15,804"
2017/04/04,화,KIA,SK,광주,"18,069"
2017/04/04,화,LG,삼성,잠실,"16,411"
2017/04/04,화,롯데,넥센,사직,"24,954"
2017/04/06,목,한화,NC,대전,"6,150"
2017/04/06,목,KT,두산,수원,"4,426"
2017/04/06,목,KIA,SK,광주,"4,211"
2017/04/06,목,LG,삼성,잠실,"12,166"
2017/04/06,목,롯데,넥센,사직,"3,864"
2017/04/07,금,KIA,한화,광주,"8,296"
2017/04/07,금,롯데,LG,사직,"11,191"
2017/04/07,금,SK,NC,문학,"3,492"
2017/04/07,금,KT,삼성,수원,"5,147"
2017/04/07,금,두산,넥센,잠실,"10,027"
2017/04/08,토,KIA,한화,광주,"19,853"
2017/04/08,토,롯데,LG,사직,"22,607"
2017/04/08,토,SK,NC,문학,"9,279"
2017/04/08,토,KT,삼성,수원,"11,031"
2017/04/08,토,두산,넥센,잠실,"15,278"
2017/04/09,일,KIA,한화,광주,"16,614"
2017/04/09,일,롯데,LG,사직,"20,022"
2017/04/09,일,SK,NC,문학,"10,057"
2017/04/09,일,KT,삼성,수원,"13,174"
2017/04/09,일,두산,넥센,잠실,"13,177"
2017/04/11,화,삼성,한화,대구,"5,752"
2017/04/11,화,두산,KIA,잠실,"14,895"
2017/04/11,화,넥센,KT,고척,"2,535"
2017/04/11,화,NC,LG,마산,"4,582"
2017/04/11,화,SK,롯데,문학,"6,745"
2017/04/12,수,삼성,한화,대구,"6,060"
2017/04/12,수,두산,KIA,잠실,"13,649"
2017/04/12,수,넥센,KT,고척,"3,569"
2017/04/12,수,NC,LG,마산,"4,719"
2017/04/12,수,SK,롯데,문학,"6,183"
2017/04/13,목,삼성,한화,대구,"5,446"
2017/04/13,목,두산,KIA,잠실,"16,213"
2017/04/13,목,넥센,KT,고척,"3,802"
2017/04/13,목,NC,LG,마산,"5,134"
2017/04/13,목,SK,롯데,문학,"5,911"
2017/04/14,금,LG,KT,잠실,"9,710"
2017/04/14,금,NC,두산,마산,"4,576"
2017/04/14,금,한화,SK,대전,"6,657"
2017/04/14,금,롯데,삼성,사직,"12,459"
2017/04/14,금,KIA,넥센,광주,"8,098"
2017/04/15,토,LG,KT,잠실,"17,337"
2017/04/15,토,NC,두산,마산,"7,231"
2017/04/15,토,한화,SK,대전,"13,000"
2017/04/15,토,롯데,삼성,사직,"23,997"
2017/04/15,토,KIA,넥센,광주,"16,811"
2017/04/16,일,LG,KT,잠실,"15,224"
2017/04/16,일,NC,두산,마산,"7,069"
2017/04/16,일,한화,SK,대전,"11,090"
2017/04/16,일,롯데,삼성,사직,"20,841"
2017/04/16,일,KIA,넥센,광주,"13,578"
2017/04/18,화,KT,KIA,수원,"6,545"
2017/04/18,화,한화,LG,대전,"5,080"
2017/04/18,화,롯데,NC,사직,"12,252"
2017/04/18,화,두산,삼성,잠실,"6,391"
2017/04/18,화,SK,넥센,문학,"3,244"
2017/04/19,수,KT,KIA,수원,"10,493"
2017/04/19,수,한화,LG,대전,"7,213"
2017/04/19,수,롯데,NC,사직,"10,060"
2017/04/19,수,두산,삼성,잠실,"8,062"
2017/04/19,수,SK,넥센,문학,"4,817"
2017/04/20,목,KT,KIA,수원,"9,222"
2017/04/20,목,한화,LG,대전,"5,572"
2017/04/20,목,롯데,NC,사직,"8,148"
2017/04/20,목,두산,삼성,잠실,"8,509"
2017/04/20,목,SK,넥센,문학,"4,025"
2017/04/21,금,KT,한화,수원,"10,193"
2017/04/21,금,LG,KIA,잠실,"23,263"
2017/04/21,금,넥센,롯데,고척,"5,655"
2017/04/21,금,삼성,NC,대구,"6,951"
2017/04/21,금,SK,두산,문학,"10,071"
2017/04/22,토,KT,한화,수원,"18,507"
2017/04/22,토,LG,KIA,잠실,"25,000"
2017/04/22,토,넥센,롯데,고척,"12,276"
2017/04/22,토,삼성,NC,대구,"12,077"
2017/04/22,토,SK,두산,문학,"22,848"
2017/04/23,일,KT,한화,수원,"17,636"
2017/04/23,일,LG,KIA,잠실,"25,000"
2017/04/23,일,넥센,롯데,고척,"11,407"
2017/04/23,일,삼성,NC,대구,"11,153"
2017/04/23,일,SK,두산,문학,"22,501"
2017/04/25,화,롯데,한화,사직,"9,595"
2017/04/25,화,NC,KT,마산,"4,216"
2017/04/25,화,넥센,두산,고척,"6,411"
2017/04/25,화,LG,SK,잠실,"10,004"
2017/04/25,화,KIA,삼성,광주,"8,048"
2017/04/26,수,롯데,한화,사직,"12,203"
2017/04/26,수,NC,KT,마산,"5,184"
2017/04/26,수,넥센,두산,고척,"6,876"
2017/04/26,수,LG,SK,잠실,"10,730"
2017/04/26,수,KIA,삼성,광주,"11,214"
2017/04/27,목,롯데,한화,사직,"14,823"
2017/04/27,목,NC,KT,마산,"5,591"
2017/04/27,목,넥센,두산,고척,"8,402"
2017/04/27,목,LG,SK,잠실,"11,111"
2017/04/27,목,KIA,삼성,광주,"12,075"
2017/04/28,금,KT,LG,수원,"8,251"
2017/04/28,금,두산,롯데,잠실,"22,131"
2017/04/28,금,KIA,NC,광주,"15,088"
2017/04/28,금,삼성,SK,대구,"8,015"
2017/04/28,금,한화,넥센,대전,"8,639"
2017/04/29,토,KT,LG,수원,"17,105"
2017/04/29,토,두산,롯데,잠실,"25,000"
2017/04/29,토,KIA,NC,광주,"20,500"
2017/04/29,토,삼성,SK,대구,"12,011"
2017/04/29,토,한화,넥센,대전,"13,000"
2017/04/30,일,KT,LG,수원,"16,331"
2017/04/30,일,두산,롯데,잠실,"25,000"
2017/04/30,일,KIA,NC,광주,"20,500"
2017/04/30,일,삼성,SK,대구,"11,254"
2017/04/30,일,한화,넥센,대전,"11,286"
2017/05/02,화,SK,한화,문학,"19,045"
2017/05/02,화,넥센,KIA,고척,"14,223"
2017/05/02,화,KT,롯데,수원,"8,503"
2017/05/02,화,LG,NC,잠실,"14,887"
2017/05/02,화,삼성,두산,대구,"9,384"
2017/05/03,수,SK,한화,문학,"25,000"
2017/05/03,수,넥센,KIA,고척,"17,000"
2017/05/03,수,KT,롯데,수원,"16,078"
2017/05/03,수,LG,NC,잠실,"20,180"
2017/05/03,수,삼성,두산,대구,"14,812"
2017/05/04,목,SK,한화,문학,"23,069"
2017/05/04,목,넥센,KIA,고척,"17,000"
2017/05/04,목,KT,롯데,수원,"13,074"
2017/05/04,목,LG,NC,잠실,"18,843"
2017/05/04,목,삼성,두산,대구,"12,837"
2017/05/05,금,롯데,KIA,사직,"26,600"
2017/05/05,금,한화,KT,대전,"13,000"
2017/05/05,금,두산,LG,잠실,"25,000"
2017/05/05,금,넥센,SK,고척,"11,003"
2017/05/05,금,NC,삼성,마산,"11,000"
2017/05/06,토,롯데,KIA,사직,"26,600"
2017/05/06,토,한화,KT,대전,"13,000"
2017/05/06,토,두산,LG,잠실,"21,920"
2017/05/06,토,넥센,SK,고척,"9,332"
2017/05/06,토,NC,삼성,마산,"11,000"
2017/05/07,일,롯데,KIA,사직,"17,703"
2017/05/07,일,한화,KT,대전,"9,399"
2017/05/07,일,두산,LG,잠실,"21,273"
2017/05/07,일,넥센,SK,고척,"7,134"
2017/05/07,일,NC,삼성,마산,"8,013"
2017/05/09,화,KIA,KT,광주,"10,503"
2017/05/10,수,KIA,KT,광주,"8,760"
2017/05/10,수,삼성,LG,대구,"6,451"
2017/05/10,수,한화,롯데,대전,"6,408"
2017/05/10,수,두산,SK,잠실,"7,516"
2017/05/10,수,NC,넥센,마산,"4,482"
2017/05/11,목,KIA,KT,광주,"11,515"
2017/05/11,목,삼성,LG,대구,"7,263"
2017/05/11,목,한화,롯데,대전,"8,751"
2017/05/11,목,두산,SK,잠실,"8,531"
2017/05/11,목,NC,넥센,마산,"5,059"
2017/05/12,금,LG,한화,잠실,"20,357"
2017/05/12,금,SK,KIA,문학,"20,568"
2017/05/12,금,KT,NC,수원,"4,876"
2017/05/12,금,삼성,넥센,대구,"5,366"
2017/05/13,토,LG,한화,잠실,"22,063"
2017/05/13,토,SK,KIA,문학,"23,665"
2017/05/13,토,KT,NC,수원,"8,471"
2017/05/13,토,롯데,두산,사직,"22,806"
2017/05/13,토,삼성,넥센,대구,"11,024"
2017/05/14,일,LG,한화,잠실,"24,223"
2017/05/14,일,SK,KIA,문학,"25,000"
2017/05/14,일,KT,NC,수원,"9,085"
2017/05/14,일,롯데,두산,사직,"14,955"
2017/05/14,일,삼성,넥센,대구,"8,233"
2017/05/16,화,넥센,한화,고척,"10,660"
2017/05/16,화,롯데,KT,사직,"10,286"
2017/05/16,화,KIA,LG,광주,"11,107"
2017/05/16,화,두산,NC,잠실,"9,078"
2017/05/16,화,SK,삼성,문학,"5,861"
2017/05/17,수,넥센,한화,고척,"10,811"
2017/05/17,수,롯데,KT,사직,"8,165"
2017/05/17,수,KIA,LG,광주,"11,819"
2017/05/17,수,두산,NC,잠실,"9,290"
2017/05/17,수,SK,삼성,문학,"6,305"
2017/05/18,목,넥센,한화,고척,"11,745"
2017/05/18,목,롯데,KT,사직,"9,583"
2017/05/18,목,KIA,LG,광주,"13,279"
2017/05/18,목,두산,NC,잠실,"10,104"
2017/05/18,목,SK,삼성,문학,"7,133"
2017/05/19,금,LG,롯데,잠실,"19,653"
2017/05/19,금,KIA,두산,광주,"17,037"
2017/05/19,금,NC,SK,마산,"7,411"
2017/05/19,금,한화,삼성,대전,"10,285"
2017/05/19,금,KT,넥센,수원,"5,448"
2017/05/20,토,LG,롯데,잠실,"23,898"
2017/05/20,토,KIA,두산,광주,"20,500"
2017/05/20,토,NC,SK,마산,"9,386"
2017/05/20,토,한화,삼성,대전,"13,000"
2017/05/20,토,KT,넥센,수원,"10,831"
2017/05/21,일,LG,롯데,잠실,"22,054"
2017/05/21,일,KIA,두산,광주,"20,500"
2017/05/21,일,NC,SK,마산,"8,694"
2017/05/21,일,한화,삼성,대전,"13,000"
2017/05/21,일,KT,넥센,수원,"12,125"
2017/05/23,화,한화,KIA,대전,"6,858"
2017/05/23,화,삼성,KT,대구,"5,954"
2017/05/23,화,넥센,NC,고척,"5,021"
2017/05/23,화,롯데,SK,사직,"7,123"
2017/05/24,수,한화,KIA,대전,"8,296"
2017/05/24,수,삼성,KT,대구,"5,896"
2017/05/24,수,넥센,NC,고척,"4,326"
2017/05/24,수,LG,두산,잠실,"20,334"
2017/05/24,수,롯데,SK,사직,"7,684"
2017/05/25,목,한화,KIA,대전,"8,001"
2017/05/25,목,삼성,KT,대구,"8,912"
2017/05/25,목,넥센,NC,고척,"4,626"
2017/05/25,목,LG,두산,잠실,"20,442"
2017/05/25,목,롯데,SK,사직,"10,437"
2017/05/26,금,NC,한화,마산,"8,026"
2017/05/26,금,두산,KT,잠실,"12,763"
2017/05/26,금,SK,LG,문학,"14,027"
2017/05/26,금,KIA,롯데,광주,"17,363"
2017/05/26,금,넥센,삼성,고척,"6,074"
2017/05/27,토,NC,한화,마산,"10,177"
2017/05/27,토,두산,KT,잠실,"20,177"
2017/05/27,토,SK,LG,문학,"23,026"
2017/05/27,토,KIA,롯데,광주,"20,500"
2017/05/27,토,넥센,삼성,고척,"13,293"
2017/05/28,일,NC,한화,마산,"7,435"
2017/05/28,일,두산,KT,잠실,"15,159"
2017/05/28,일,SK,LG,문학,"20,225"
2017/05/28,일,KIA,롯데,광주,"17,099"
2017/05/28,일,넥센,삼성,고척,"9,891"
2017/05/30,화,NC,KIA,마산,"6,049"
2017/05/30,화,삼성,롯데,대구,"8,206"
2017/05/30,화,한화,두산,대전,"5,477"
2017/05/30,화,KT,SK,수원,"4,226"
2017/05/30,화,LG,넥센,잠실,"9,520"
2017/05/31,수,NC,KIA,마산,"5,931"
2017/05/31,수,삼성,롯데,대구,"7,827"
2017/05/31,수,한화,두산,대전,"6,745"
2017/05/31,수,KT,SK,수원,"4,011"
2017/05/31,수,LG,넥센,잠실,"10,290"
2017/06/01,목,NC,KIA,마산,"6,147"
2017/06/01,목,삼성,롯데,대구,"11,066"
2017/06/01,목,한화,두산,대전,"8,155"
2017/06/01,목,KT,SK,수원,"4,492"
2017/06/01,목,LG,넥센,잠실,"10,720"
2017/06/02,금,삼성,KIA,대구,"10,055"
2017/06/02,금,롯데,KT,사직,"13,115"
2017/06/02,금,LG,NC,잠실,"11,227"
2017/06/02,금,넥센,두산,고척,"8,389"
2017/06/02,금,한화,SK,대전,"7,641"
2017/06/03,토,삼성,KIA,대구,"18,148"
2017/06/03,토,롯데,KT,사직,"22,303"
2017/06/03,토,LG,NC,잠실,"19,180"
2017/06/03,토,넥센,두산,고척,"15,542"
2017/06/03,토,한화,SK,대전,"13,000"
2017/06/04,일,삼성,KIA,대구,"16,588"
2017/06/04,일,롯데,KT,사직,"14,836"
2017/06/04,일,LG,NC,잠실,"14,832"
2017/06/04,일,넥센,두산,고척,"12,839"
2017/06/04,일,한화,SK,대전,"11,217"
2017/06/06,화,NC,롯데,마산,"9,323"
2017/06/06,화,두산,삼성,잠실,"21,253"
2017/06/06,화,SK,넥센,문학,"17,997"
2017/06/07,수,KIA,한화,광주,"9,313"
2017/06/07,수,KT,LG,수원,"4,904"
2017/06/07,수,NC,롯데,마산,"9,494"
2017/06/07,수,두산,삼성,잠실,"9,149"
2017/06/07,수,SK,넥센,문학,"5,058"
2017/06/08,목,KIA,한화,광주,"12,060"
2017/06/08,목,KT,LG,수원,"7,696"
2017/06/08,목,NC,롯데,마산,"8,340"
2017/06/08,목,두산,삼성,잠실,"10,260"
2017/06/08,목,SK,넥센,문학,"5,903"
2017/06/09,금,NC,KT,마산,"6,611"
2017/06/09,금,롯데,두산,울산,"9,058"
2017/06/09,금,LG,SK,잠실,"11,023"
2017/06/09,금,한화,삼성,대전,"8,205"
2017/06/09,금,KIA,넥센,광주,"20,500"
2017/06/10,토,NC,KT,마산,"8,583"
2017/06/10,토,롯데,두산,울산,"9,777"
2017/06/10,토,LG,SK,잠실,"18,293"
2017/06/10,토,한화,삼성,대전,"13,000"
2017/06/10,토,KIA,넥센,광주,"20,500"
2017/06/11,일,NC,KT,마산,"7,088"
2017/06/11,일,롯데,두산,울산,"8,490"
2017/06/11,일,LG,SK,잠실,"13,837"
2017/06/11,일,한화,삼성,대전,"10,109"
2017/06/11,일,KIA,넥센,광주,"13,795"
2017/06/13,화,SK,한화,문학,"7,688"
2017/06/13,화,롯데,KIA,사직,"8,960"
2017/06/13,화,삼성,KT,포항,"5,973"
2017/06/13,화,두산,LG,잠실,"14,565"
2017/06/13,화,넥센,NC,고척,"5,621"
2017/06/14,수,SK,한화,문학,"8,657"
2017/06/14,수,롯데,KIA,사직,"9,430"
2017/06/14,수,삼성,KT,포항,"7,092"
2017/06/14,수,두산,LG,잠실,"16,136"
2017/06/14,수,넥센,NC,고척,"4,020"
2017/06/15,목,SK,한화,문학,"9,111"
2017/06/15,목,롯데,KIA,사직,"10,563"
2017/06/15,목,삼성,KT,포항,"6,226"
2017/06/15,목,두산,LG,잠실,"16,791"
2017/06/15,목,넥센,NC,고척,"4,681"
2017/06/16,금,KT,한화,수원,"10,096"
2017/06/16,금,KIA,LG,광주,"14,371"
2017/06/16,금,넥센,롯데,고척,"7,803"
2017/06/16,금,두산,NC,잠실,"10,226"
2017/06/16,금,삼성,SK,대구,"10,623"
2017/06/17,토,KT,한화,수원,"21,403"
2017/06/17,토,KIA,LG,광주,"20,500"
2017/06/17,토,넥센,롯데,고척,"14,019"
2017/06/17,토,두산,NC,잠실,"18,215"
2017/06/17,토,삼성,SK,대구,"13,777"
2017/06/18,일,KT,한화,수원,"14,675"
2017/06/18,일,KIA,LG,광주,"16,043"
2017/06/18,일,넥센,롯데,고척,"9,130"
2017/06/18,일,두산,NC,잠실,"13,271"
2017/06/18,일,삼성,SK,대구,"8,804"
2017/06/20,화,KT,롯데,수원,"4,705"
2017/06/20,화,SK,NC,문학,"4,902"
2017/06/20,화,LG,삼성,잠실,"13,098"
2017/06/20,화,한화,넥센,대전,"6,175"
2017/06/21,수,KT,롯데,수원,"5,805"
2017/06/21,수,SK,NC,문학,"5,136"
2017/06/21,수,KIA,두산,광주,"10,969"
2017/06/21,수,LG,삼성,잠실,"13,250"
2017/06/21,수,한화,넥센,대전,"7,379"
2017/06/22,목,KT,롯데,수원,"7,082"
2017/06/22,목,SK,NC,문학,"6,170"
2017/06/22,목,KIA,두산,광주,"11,547"
2017/06/22,목,LG,삼성,잠실,"14,197"
2017/06/22,목,한화,넥센,대전,"6,854"
2017/06/23,금,삼성,한화,대구,"12,726"
2017/06/23,금,NC,KIA,마산,"7,814"
2017/06/23,금,SK,KT,문학,"8,071"
2017/06/23,금,넥센,LG,고척,"10,922"
2017/06/23,금,두산,롯데,잠실,"16,262"
2017/06/24,토,삼성,한화,대구,"21,107"
2017/06/24,토,NC,KIA,마산,"11,000"
2017/06/24,토,SK,KT,문학,"15,346"
2017/06/24,토,넥센,LG,고척,"16,084"
2017/06/24,토,두산,롯데,잠실,"22,406"
2017/06/25,일,삼성,한화,대구,"9,579"
2017/06/25,일,NC,KIA,마산,"8,363"
2017/06/25,일,SK,KT,문학,"11,055"
2017/06/25,일,넥센,LG,고척,"14,294"
2017/06/25,일,두산,롯데,잠실,"13,870"
2017/06/27,화,한화,KT,청주,"10,000"
2017/06/27,화,롯데,LG,사직,"11,468"
2017/06/27,화,두산,SK,잠실,"8,079"
2017/06/27,화,KIA,삼성,광주,"8,279"
2017/06/27,화,NC,넥센,마산,"4,275"
2017/06/28,수,한화,KT,청주,"10,000"
2017/06/28,수,롯데,LG,사직,"8,947"
2017/06/28,수,두산,SK,잠실,"7,887"
2017/06/28,수,KIA,삼성,광주,"9,963"
2017/06/28,수,NC,넥센,마산,"5,055"
2017/06/29,목,한화,KT,청주,"10,000"
2017/06/29,목,두산,SK,잠실,"10,129"
2017/06/29,목,KIA,삼성,광주,"10,447"
2017/06/30,금,LG,KIA,잠실,"24,204"
2017/06/30,금,롯데,NC,사직,"7,463"
2017/06/30,금,한화,두산,대전,"7,616"
2017/06/30,금,SK,삼성,문학,"9,531"
2017/06/30,금,KT,넥센,수원,"4,186"
2017/07/01,토,LG,KIA,잠실,"25,000"
2017/07/01,토,롯데,NC,사직,"20,925"
2017/07/01,토,한화,두산,대전,"11,970"
2017/07/01,토,SK,삼성,문학,"20,050"
2017/07/02,일,LG,KIA,잠실,"19,697"
2017/07/02,일,롯데,NC,사직,"7,063"
2017/07/02,일,SK,삼성,문학,"7,855"
2017/07/02,일,KT,넥센,수원,"3,258"
2017/07/04,화,넥센,한화,고척,"10,738"
2017/07/04,화,SK,KIA,문학,"17,194"
2017/07/04,화,두산,KT,잠실,"5,747"
2017/07/04,화,삼성,롯데,포항,"6,045"
2017/07/05,수,넥센,한화,고척,"10,152"
2017/07/05,수,SK,KIA,문학,"16,799"
2017/07/05,수,두산,KT,잠실,"6,148"
2017/07/05,수,NC,LG,마산,"5,803"
2017/07/05,수,삼성,롯데,포항,"8,777"
2017/07/06,목,넥센,한화,고척,"10,449"
2017/07/06,목,SK,KIA,문학,"19,103"
2017/07/06,목,삼성,롯데,포항,"10,167"
2017/07/07,금,NC,두산,마산,"7,032"
2017/07/07,금,롯데,SK,사직,"10,430"
2017/07/07,금,삼성,넥센,대구,"10,180"
2017/07/08,토,LG,한화,잠실,"18,714"
2017/07/08,토,KT,KIA,수원,"22,000"
2017/07/08,토,롯데,SK,사직,"13,750"
2017/07/08,토,삼성,넥센,대구,"10,221"
2017/07/09,일,LG,한화,잠실,"22,129"
2017/07/09,일,NC,두산,마산,"6,875"
2017/07/09,일,롯데,SK,사직,"9,163"
2017/07/09,일,삼성,넥센,대구,"6,478"
2017/07/11,화,SK,LG,문학,"7,286"
2017/07/11,화,한화,롯데,대전,"7,860"
2017/07/11,화,KIA,NC,광주,"13,847"
2017/07/11,화,KT,삼성,수원,"4,067"
2017/07/11,화,두산,넥센,잠실,"7,015"
2017/07/12,수,SK,LG,문학,"7,148"
2017/07/12,수,한화,롯데,대전,"7,648"
2017/07/12,수,KIA,NC,광주,"13,916"
2017/07/12,수,KT,삼성,수원,"5,050"
2017/07/12,수,두산,넥센,잠실,"6,126"
2017/07/13,목,SK,LG,문학,"8,277"
2017/07/13,목,한화,롯데,대전,"7,270"
2017/07/13,목,KIA,NC,광주,"18,607"
2017/07/13,목,KT,삼성,수원,"5,154"
2017/07/13,목,두산,넥센,잠실,"7,739"
2017/07/18,화,넥센,KIA,고척,"15,947"
2017/07/18,화,LG,KT,잠실,"7,361"
2017/07/18,화,한화,NC,청주,"8,064"
2017/07/18,화,SK,두산,문학,"7,823"
2017/07/18,화,롯데,삼성,울산,"7,274"
2017/07/19,수,넥센,KIA,고척,"17,000"
2017/07/19,수,LG,KT,잠실,"7,713"
2017/07/19,수,한화,NC,청주,"7,772"
2017/07/19,수,SK,두산,문학,"8,376"
2017/07/19,수,롯데,삼성,울산,"7,256"
2017/07/20,목,넥센,KIA,고척,"17,000"
2017/07/20,목,LG,KT,잠실,"7,776"
2017/07/20,목,한화,NC,청주,"7,653"
2017/07/20,목,SK,두산,문학,"7,991"
2017/07/20,목,롯데,삼성,울산,"7,593"
2017/07/21,금,두산,한화,잠실,"13,564"
2017/07/21,금,넥센,KT,고척,"3,117"
2017/07/21,금,삼성,LG,대구,"7,806"
2017/07/21,금,KIA,롯데,광주,"17,927"
2017/07/21,금,NC,SK,마산,"7,380"
2017/07/22,토,두산,한화,잠실,"18,746"
2017/07/22,토,넥센,KT,고척,"6,213"
2017/07/22,토,KIA,롯데,광주,"20,500"
2017/07/22,토,NC,SK,마산,"8,212"
2017/07/23,일,두산,한화,잠실,"11,307"
2017/07/23,일,넥센,KT,고척,"4,379"
2017/07/23,일,삼성,LG,대구,"7,082"
2017/07/23,일,KIA,롯데,광주,"16,202"
2017/07/23,일,NC,SK,마산,"7,074"
2017/07/25,화,삼성,NC,대구,"5,061"
2017/07/25,화,KT,두산,수원,"5,165"
2017/07/25,화,KIA,SK,광주,"9,485"
2017/07/25,화,LG,넥센,잠실,"8,130"
2017/07/26,수,롯데,한화,사직,"12,091"
2017/07/26,수,삼성,NC,대구,"6,219"
2017/07/26,수,KT,두산,수원,"5,077"
2017/07/26,수,KIA,SK,광주,"10,723"
2017/07/26,수,LG,넥센,잠실,"8,292"
2017/07/27,목,롯데,한화,사직,"11,035"
2017/07/27,목,삼성,NC,대구,"7,294"
2017/07/27,목,KT,두산,수원,"5,591"
2017/07/27,목,KIA,SK,광주,"13,343"
2017/07/27,목,LG,넥센,잠실,"9,443"
2017/07/28,금,두산,KIA,잠실,"23,112"
2017/07/28,금,한화,LG,대전,"7,003"
2017/07/28,금,SK,롯데,문학,"10,086"
2017/07/28,금,KT,NC,수원,"3,090"
2017/07/28,금,넥센,삼성,고척,"7,638"
2017/07/29,토,두산,KIA,잠실,"25,000"
2017/07/29,토,한화,LG,대전,"11,007"
2017/07/29,토,SK,롯데,문학,"22,975"
2017/07/29,토,KT,NC,수원,"12,082"
2017/07/29,토,넥센,삼성,고척,"13,463"
2017/07/30,일,두산,KIA,잠실,"25,000"
2017/07/30,일,한화,LG,대전,"7,358"
2017/07/30,일,SK,롯데,문학,"19,413"
2017/07/30,일,KT,NC,수원,"8,145"
2017/07/30,일,넥센,삼성,고척,"11,668"
2017/08/01,화,NC,한화,마산,"7,697"
2017/08/01,화,KIA,KT,광주,"15,653"
2017/08/01,화,LG,롯데,잠실,"16,971"
2017/08/01,화,삼성,두산,대구,"10,313"
2017/08/01,화,넥센,SK,고척,"8,570"
2017/08/02,수,NC,한화,마산,"7,619"
2017/08/02,수,LG,롯데,잠실,"15,796"
2017/08/02,수,삼성,두산,대구,"10,301"
2017/08/02,수,넥센,SK,고척,"7,998"
2017/08/03,목,NC,한화,마산,"6,884"
2017/08/03,목,KIA,KT,광주,"16,918"
2017/08/03,목,LG,롯데,잠실,"15,429"
2017/08/03,목,삼성,두산,대구,"10,118"
2017/08/03,목,넥센,SK,고척,"9,522"
2017/08/04,금,한화,KIA,대전,"10,019"
2017/08/04,금,LG,두산,잠실,"20,144"
2017/08/04,금,KT,SK,수원,"5,195"
2017/08/04,금,NC,삼성,마산,"7,377"
2017/08/04,금,롯데,넥센,사직,"13,615"
2017/08/05,토,한화,KIA,대전,"11,871"
2017/08/05,토,LG,두산,잠실,"22,428"
2017/08/05,토,KT,SK,수원,"10,210"
2017/08/05,토,NC,삼성,마산,"8,125"
2017/08/05,토,롯데,넥센,사직,"17,364"
2017/08/06,일,LG,두산,잠실,"17,714"
2017/08/06,일,KT,SK,수원,"7,012"
2017/08/06,일,NC,삼성,마산,"5,544"
2017/08/06,일,롯데,넥센,사직,"10,979"
2017/08/08,화,두산,한화,잠실,"13,985"
2017/08/08,화,롯데,KT,사직,"10,012"
2017/08/08,화,삼성,LG,대구,"7,539"
2017/08/08,화,SK,NC,문학,"4,997"
2017/08/08,화,KIA,넥센,광주,"10,671"
2017/08/09,수,두산,한화,잠실,"15,137"
2017/08/09,수,롯데,KT,사직,"7,714"
2017/08/09,수,삼성,LG,대구,"6,221"
2017/08/09,수,SK,NC,문학,"4,622"
2017/08/09,수,KIA,넥센,광주,"11,096"
2017/08/10,목,NC,롯데,마산,"7,913"
2017/08/10,목,넥센,두산,고척,"13,205"
2017/08/10,목,LG,SK,잠실,"7,755"
2017/08/11,금,KT,KIA,수원,"16,711"
2017/08/11,금,NC,롯데,마산,"9,551"
2017/08/11,금,넥센,두산,고척,"12,096"
2017/08/11,금,LG,SK,잠실,"9,598"
2017/08/11,금,한화,삼성,대전,"6,642"
2017/08/12,토,넥센,한화,고척,"15,564"
2017/08/12,토,SK,KT,문학,"10,343"
2017/08/12,토,KIA,LG,광주,"19,446"
2017/08/12,토,삼성,롯데,대구,"17,333"
2017/08/12,토,두산,NC,잠실,"17,047"
2017/08/13,일,넥센,한화,고척,"12,511"
2017/08/13,일,SK,KT,문학,"9,215"
2017/08/13,일,삼성,롯데,대구,"13,617"
2017/08/13,일,두산,NC,잠실,"15,344"
2017/08/15,화,KIA,NC,광주,"16,545"
2017/08/15,화,롯데,두산,사직,"10,803"
2017/08/16,수,LG,KT,잠실,"7,168"
2017/08/16,수,KIA,NC,광주,"12,359"
2017/08/16,수,롯데,두산,사직,"21,105"
2017/08/16,수,한화,SK,대전,"3,187"
2017/08/16,수,삼성,넥센,대구,"6,396"
2017/08/17,목,NC,한화,마산,"6,020"
2017/08/17,목,두산,KIA,잠실,"20,103"
2017/08/17,목,SK,LG,문학,"6,107"
2017/08/17,목,넥센,롯데,고척,"11,998"
2017/08/17,목,KT,삼성,수원,"4,215"
2017/08/18,금,NC,한화,마산,"5,905"
2017/08/18,금,두산,KIA,잠실,"22,357"
2017/08/18,금,SK,LG,문학,"9,015"
2017/08/18,금,넥센,롯데,고척,"11,358"
2017/08/18,금,KT,삼성,수원,"8,895"
2017/08/19,토,한화,롯데,대전,"11,512"
2017/08/19,토,넥센,NC,고척,"9,760"
2017/08/19,토,KT,두산,수원,"16,453"
2017/08/19,토,KIA,SK,광주,"19,270"
2017/08/19,토,LG,삼성,잠실,"18,337"
2017/08/20,일,한화,롯데,대전,"5,643"
2017/08/20,일,넥센,NC,고척,"6,235"
2017/08/20,일,KT,두산,수원,"7,090"
2017/08/22,화,KT,한화,수원,"5,623"
2017/08/22,화,KIA,롯데,광주,"8,714"
2017/08/22,화,LG,NC,잠실,"8,626"
2017/08/22,화,SK,두산,문학,"8,067"
2017/08/22,화,넥센,삼성,고척,"6,144"
2017/08/23,수,KT,한화,수원,"4,174"
2017/08/23,수,KIA,롯데,광주,"9,789"
2017/08/23,수,LG,NC,잠실,"7,105"
2017/08/23,수,SK,두산,문학,"5,712"
2017/08/23,수,넥센,삼성,고척,"8,733"
2017/08/24,목,NC,KT,마산,"5,761"
2017/08/24,목,롯데,LG,사직,"13,838"
2017/08/24,목,삼성,SK,대구,"6,896"
2017/08/24,목,두산,넥센,잠실,"7,139"
2017/08/25,금,한화,KIA,대전,"6,471"
2017/08/25,금,NC,KT,마산,"7,305"
2017/08/25,금,롯데,LG,사직,"16,704"
2017/08/25,금,삼성,SK,대구,"7,478"
2017/08/25,금,두산,넥센,잠실,"10,083"
2017/08/26,토,SK,한화,문학,"23,874"
2017/08/26,토,NC,KIA,마산,"11,000"
2017/08/26,토,삼성,KT,대구,"16,096"
2017/08/26,토,두산,LG,잠실,"25,000"
2017/08/26,토,롯데,넥센,사직,"26,600"
2017/08/27,일,SK,한화,문학,"15,774"
2017/08/27,일,NC,KIA,마산,"7,620"
2017/08/27,일,삼성,KT,대구,"7,746"
2017/08/27,일,두산,LG,잠실,"19,592"
2017/08/27,일,롯데,넥센,사직,"21,858"
2017/08/29,화,삼성,KIA,대구,"7,630"
2017/08/29,화,한화,LG,대전,"3,670"
2017/08/29,화,두산,롯데,잠실,"17,150"
2017/08/29,화,KT,NC,수원,"4,335"
2017/08/29,화,넥센,SK,고척,"4,294"
2017/08/30,수,삼성,KIA,대구,"8,603"
2017/08/30,수,한화,LG,대전,"3,585"
2017/08/30,수,두산,롯데,잠실,"17,652"
2017/08/30,수,KT,NC,수원,"4,598"
2017/08/30,수,넥센,SK,고척,"4,310"
2017/08/31,목,한화,KT,대전,"3,790"
2017/08/31,목,롯데,NC,사직,"12,058"
2017/08/31,목,KIA,두산,광주,"14,068"
2017/08/31,목,SK,삼성,문학,"6,457"
2017/08/31,목,LG,넥센,잠실,"8,161"
2017/09/01,금,한화,KT,대전,"5,282"
2017/09/01,금,롯데,NC,사직,"15,119"
2017/09/01,금,KIA,두산,광주,"16,208"
2017/09/01,금,SK,삼성,문학,"22,526"
2017/09/01,금,LG,넥센,잠실,"9,705"
2017/09/02,토,롯데,한화,사직,"26,600"
2017/09/02,토,넥센,KIA,고척,"17,000"
2017/09/02,토,NC,LG,마산,"9,105"
2017/09/02,토,KT,SK,수원,"8,312"
2017/09/02,토,두산,삼성,잠실,"21,185"
2017/09/03,일,롯데,한화,사직,"20,502"
2017/09/03,일,넥센,KIA,고척,"17,000"
2017/09/03,일,NC,LG,마산,"7,518"
2017/09/03,일,KT,SK,수원,"6,569"
2017/09/03,일,두산,삼성,잠실,"21,654"
2017/09/05,화,LG,KIA,잠실,"17,754"
2017/09/05,화,SK,롯데,문학,"8,955"
2017/09/05,화,삼성,NC,대구,"3,529"
2017/09/05,화,한화,두산,대전,"3,757"
2017/09/05,화,KT,넥센,수원,"4,103"
2017/09/06,수,LG,KIA,잠실,"16,971"
2017/09/06,수,한화,두산,대전,"4,837"
2017/09/06,수,KT,넥센,수원,"3,958"
2017/09/07,목,KIA,한화,광주,"12,511"
2017/09/07,목,두산,KT,잠실,"8,151"
2017/09/07,목,넥센,LG,고척,"10,307"
2017/09/07,목,NC,SK,마산,"5,852"
2017/09/07,목,롯데,삼성,사직,"16,088"
2017/09/08,금,KIA,한화,광주,"15,929"
2017/09/08,금,두산,KT,잠실,"10,353"
2017/09/08,금,넥센,LG,고척,"9,902"
2017/09/08,금,NC,SK,마산,"6,317"
2017/09/08,금,롯데,삼성,사직,"21,258"
2017/09/09,토,KT,롯데,수원,"21,037"
2017/09/09,토,한화,NC,대전,"9,618"
2017/09/09,토,LG,두산,잠실,"24,112"
2017/09/09,토,KIA,삼성,광주,"20,500"
2017/09/09,토,SK,넥센,문학,"22,803"
2017/09/10,일,KT,롯데,수원,"18,406"
2017/09/10,일,한화,NC,대전,"7,096"
2017/09/10,일,LG,두산,잠실,"21,683"
2017/09/10,일,KIA,삼성,광주,"19,686"
2017/09/10,일,SK,넥센,문학,"18,137"
2017/09/12,화,삼성,한화,대구,"7,826"
2017/09/12,화,SK,KIA,문학,"19,349"
2017/09/12,화,넥센,KT,고척,"5,628"
2017/09/12,화,LG,롯데,잠실,"17,685"
2017/09/12,화,NC,두산,마산,"6,961"
2017/09/13,수,삼성,한화,대구,"9,174"
2017/09/13,수,SK,KIA,문학,"19,364"
2017/09/13,수,넥센,KT,고척,"7,033"
2017/09/13,수,LG,롯데,잠실,"19,068"
2017/09/13,수,NC,두산,마산,"7,206"
2017/09/14,목,롯데,KIA,사직,"17,991"
2017/09/14,목,KT,LG,수원,"8,015"
2017/09/14,목,두산,SK,잠실,"12,965"
2017/09/14,목,NC,삼성,마산,"6,423"
2017/09/14,목,한화,넥센,대전,"5,079"
2017/09/15,금,롯데,KIA,사직,"16,325"
2017/09/15,금,KT,LG,수원,"9,214"
2017/09/15,금,두산,SK,잠실,"14,770"
2017/09/15,금,NC,삼성,마산,"8,248"
2017/09/15,금,한화,넥센,대전,"6,091"
2017/09/16,토,LG,한화,잠실,"19,961"
2017/09/16,토,KIA,KT,광주,"17,941"
2017/09/16,토,삼성,두산,대구,"17,448"
2017/09/16,토,롯데,SK,사직,"18,652"
2017/09/16,토,NC,넥센,마산,"7,362"
2017/09/17,일,LG,한화,잠실,"16,454"
2017/09/17,일,KIA,KT,광주,"15,877"
2017/09/17,일,삼성,두산,대구,"14,061"
2017/09/17,일,롯데,SK,사직,"13,024"
2017/09/17,일,NC,넥센,마산,"7,286"
2017/09/19,화,LG,KT,잠실,"5,523"
2017/09/19,화,롯데,두산,사직,"14,916"
2017/09/19,화,KIA,SK,광주,"7,405"
2017/09/20,수,LG,한화,잠실,"9,719"
2017/09/20,수,NC,두산,마산,"5,256"
2017/09/20,수,KIA,SK,광주,"7,823"
2017/09/21,목,삼성,LG,대구,"8,304"
2017/09/21,목,KT,넥센,수원,"3,829"
2017/09/22,금,삼성,LG,대구,"10,073"
2017/09/22,금,한화,롯데,대전,"5,464"
2017/09/22,금,KIA,두산,광주,"14,107"
2017/09/23,토,KIA,KT,광주,"12,056"
2017/09/23,토,NC,LG,마산,"7,192"
2017/09/23,토,한화,삼성,대전,"7,539"
2017/09/23,토,롯데,넥센,사직,"23,194"
2017/09/24,일,KIA,한화,광주,"12,590"
2017/09/24,일,두산,KT,잠실,"18,802"
2017/09/24,일,NC,LG,마산,"6,706"
2017/09/26,화,롯데,한화,사직,"15,625"
2017/09/26,화,KIA,LG,광주,"11,894"
2017/09/27,수,삼성,NC,대구,"8,204"
2017/09/27,수,KT,두산,수원,"10,643"
2017/09/28,목,한화,KIA,대전,"5,738"
2017/09/28,목,KT,LG,수원,"7,628"
2017/09/29,금,한화,KIA,대전,"6,094"
2017/09/29,금,SK,롯데,문학,"25,000"
2017/09/29,금,LG,두산,잠실,"22,246"
2017/09/29,금,NC,넥센,마산,"7,338"
2017/09/30,토,한화,SK,대전,"7,264"
2017/09/30,토,LG,삼성,잠실,"18,477"
2017/09/30,토,NC,넥센,마산,"11,000"
2017/10/01,일,KT,KIA,수원,"22,000"
2017/10/01,일,한화,두산,대전,"9,141"
2017/10/01,일,LG,삼성,잠실,"19,440"
2017/10/02,월,KT,KIA,수원,"22,000"
2017/10/03,화,KT,KIA,수원,"22,000"
2017/10/03,화,롯데,LG,사직,"26,600"
2017/10/03,화,한화,NC,대전,"10,401"
2017/10/03,화,두산,SK,잠실,"25,000"
2017/10/03,화,삼성,넥센,대구,"24,000"
2018/03/24,토,넥센,한화,고척,"15,055"
2018/03/24,토,KIA,KT,광주,"20,500"
2018/03/24,토,NC,LG,마산,"11,000"
2018/03/24,토,SK,롯데,문학,"25,000"
2018/03/24,토,두산,삼성,잠실,"25,000"
2018/03/25,일,넥센,한화,고척,"13,010"
2018/03/25,일,KIA,KT,광주,"20,500"
2018/03/25,일,NC,LG,마산,"11,000"
2018/03/25,일,SK,롯데,문학,"22,765"
2018/03/25,일,두산,삼성,잠실,"20,240"
2018/03/27,화,NC,한화,마산,"5,037"
2018/03/27,화,SK,KT,문학,"6,067"
2018/03/27,화,넥센,LG,고척,"4,401"
2018/03/27,화,두산,롯데,잠실,"10,391"
2018/03/27,화,KIA,삼성,광주,"6,892"
2018/03/28,수,NC,한화,마산,"5,003"
2018/03/28,수,SK,KT,문학,"5,701"
2018/03/28,수,넥센,LG,고척,"4,437"
2018/03/28,수,두산,롯데,잠실,"10,382"
2018/03/28,수,KIA,삼성,광주,"8,347"
2018/03/29,목,NC,한화,마산,"4,872"
2018/03/29,목,SK,KT,문학,"5,936"
2018/03/29,목,넥센,LG,고척,"4,219"
2018/03/29,목,두산,롯데,잠실,"10,956"
2018/03/29,목,KIA,삼성,광주,"7,839"
2018/03/30,금,LG,KIA,잠실,"22,667"
2018/03/30,금,롯데,NC,사직,"21,124"
2018/03/30,금,KT,두산,수원,"13,562"
2018/03/30,금,한화,SK,대전,"10,354"
2018/03/30,금,삼성,넥센,대구,"11,683"
2018/03/31,토,LG,KIA,잠실,"25,000"
2018/03/31,토,롯데,NC,사직,"25,000"
2018/03/31,토,KT,두산,수원,"16,852"
2018/03/31,토,한화,SK,대전,"13,000"
2018/03/31,토,삼성,넥센,대구,"16,572"
2018/04/01,일,LG,KIA,잠실,"23,815"
2018/04/01,일,롯데,NC,사직,"19,432"
2018/04/01,일,KT,두산,수원,"16,137"
2018/04/01,일,한화,SK,대전,"9,528"
2018/04/01,일,삼성,넥센,대구,"14,336"
2018/04/03,화,SK,KIA,문학,"15,052"
2018/04/03,화,넥센,KT,고척,"1,814"
2018/04/03,화,두산,LG,잠실,"13,557"
2018/04/03,화,한화,롯데,대전,"5,740"
2018/04/03,화,NC,삼성,마산,"5,655"
2018/04/04,수,SK,KIA,문학,"14,639"
2018/04/04,수,넥센,KT,고척,"2,081"
2018/04/04,수,두산,LG,잠실,"12,742"
2018/04/04,수,한화,롯데,대전,"3,891"
2018/04/04,수,NC,삼성,마산,"3,192"
2018/04/05,목,넥센,KT,고척,"2,489"
2018/04/05,목,NC,삼성,마산,"3,904"
2018/04/06,금,롯데,LG,사직,"8,814"
2018/04/06,금,KIA,넥센,광주,"10,616"
2018/04/07,토,KT,한화,수원,"14,746"
2018/04/07,토,롯데,LG,사직,"14,498"
2018/04/07,토,두산,NC,잠실,"16,586"
2018/04/07,토,SK,삼성,문학,"17,581"
2018/04/07,토,KIA,넥센,광주,"16,661"
2018/04/08,일,KT,한화,수원,"12,840"
2018/04/08,일,롯데,LG,사직,"13,093"
2018/04/08,일,두산,NC,잠실,"13,877"
2018/04/08,일,SK,삼성,문학,"15,144"
2018/04/08,일,KIA,넥센,광주,"16,133"
2018/04/10,화,한화,KIA,대전,"6,539"
2018/04/10,화,NC,KT,마산,"6,010"
2018/04/10,화,삼성,두산,대구,"6,323"
2018/04/10,화,LG,SK,잠실,"8,069"
2018/04/10,화,롯데,넥센,울산,"5,902"
2018/04/11,수,한화,KIA,대전,"7,545"
2018/04/11,수,NC,KT,마산,"5,393"
2018/04/11,수,삼성,두산,대구,"7,736"
2018/04/11,수,LG,SK,잠실,"8,940"
2018/04/11,수,롯데,넥센,울산,"5,991"
2018/04/12,목,한화,KIA,대전,"8,577"
2018/04/12,목,NC,KT,마산,"5,855"
2018/04/12,목,삼성,두산,대구,"6,283"
2018/04/12,목,LG,SK,잠실,"9,825"
2018/04/12,목,롯데,넥센,울산,"7,252"
2018/04/13,금,LG,KT,잠실,"10,899"
2018/04/13,금,KIA,롯데,광주,"14,159"
2018/04/13,금,SK,NC,문학,"7,945"
2018/04/13,금,넥센,두산,고척,"6,031"
2018/04/13,금,한화,삼성,대전,"8,072"
2018/04/14,토,LG,KT,잠실,"12,862"
2018/04/14,토,SK,NC,문학,"9,939"
2018/04/14,토,넥센,두산,고척,"12,480"
2018/04/14,토,한화,삼성,대전,"8,783"
2018/04/15,일,LG,KT,잠실,"15,336"
2018/04/15,일,SK,NC,문학,"15,471"
2018/04/15,일,넥센,두산,고척,"9,629"
2018/04/15,일,한화,삼성,대전,"13,000"
2018/04/17,화,두산,한화,잠실,"16,073"
2018/04/17,화,KIA,LG,광주,"8,058"
2018/04/17,화,넥센,NC,고척,"2,028"
2018/04/17,화,KT,SK,수원,"4,237"
2018/04/17,화,롯데,삼성,사직,"9,213"
2018/04/18,수,두산,한화,잠실,"16,437"
2018/04/18,수,KIA,LG,광주,"8,528"
2018/04/18,수,넥센,NC,고척,"2,344"
2018/04/18,수,KT,SK,수원,"4,312"
2018/04/18,수,롯데,삼성,사직,"8,428"
2018/04/19,목,두산,한화,잠실,"16,104"
2018/04/19,목,KIA,LG,광주,"10,700"
2018/04/19,목,넥센,NC,고척,"2,453"
2018/04/19,목,KT,SK,수원,"4,640"
2018/04/19,목,롯데,삼성,사직,"9,379"
2018/04/20,금,두산,KIA,잠실,"23,214"
2018/04/20,금,삼성,KT,대구,"7,466"
2018/04/20,금,NC,LG,마산,"7,357"
2018/04/20,금,롯데,SK,사직,"8,647"
2018/04/20,금,한화,넥센,대전,"9,246"
2018/04/21,토,두산,KIA,잠실,"25,000"
2018/04/21,토,삼성,KT,대구,"16,454"
2018/04/21,토,NC,LG,마산,"8,767"
2018/04/21,토,롯데,SK,사직,"17,911"
2018/04/21,토,한화,넥센,대전,"13,000"
2018/04/22,일,두산,KIA,잠실,"22,177"
2018/04/22,일,삼성,KT,대구,"9,026"
2018/04/22,일,NC,LG,마산,"6,242"
2018/04/22,일,롯데,SK,사직,"11,364"
2018/04/22,일,한화,넥센,대전,"6,743"
2018/04/24,화,KT,롯데,수원,"5,429"
2018/04/24,화,삼성,NC,대구,"3,216"
2018/04/24,화,SK,두산,문학,"7,929"
2018/04/24,화,LG,넥센,잠실,"8,531"
2018/04/25,수,KIA,한화,광주,"10,420"
2018/04/25,수,KT,롯데,수원,"6,922"
2018/04/25,수,삼성,NC,대구,"5,371"
2018/04/25,수,SK,두산,문학,"14,201"
2018/04/25,수,LG,넥센,잠실,"10,744"
2018/04/26,목,KIA,한화,광주,"12,055"
2018/04/26,목,KT,롯데,수원,"7,023"
2018/04/26,목,삼성,NC,대구,"7,705"
2018/04/26,목,SK,두산,문학,"15,020"
2018/04/26,목,LG,넥센,잠실,"11,008"
2018/04/27,금,롯데,한화,사직,"14,873"
2018/04/27,금,KT,KIA,수원,"14,901"
2018/04/27,금,NC,두산,마산,"8,331"
2018/04/27,금,넥센,SK,고척,"3,260"
2018/04/27,금,LG,삼성,잠실,"15,885"
2018/04/28,토,롯데,한화,사직,"23,139"
2018/04/28,토,KT,KIA,수원,"20,800"
2018/04/28,토,NC,두산,마산,"10,058"
2018/04/28,토,넥센,SK,고척,"7,185"
2018/04/28,토,LG,삼성,잠실,"23,380"
2018/04/29,일,롯데,한화,사직,"17,684"
2018/04/29,일,KT,KIA,수원,"20,800"
2018/04/29,일,NC,두산,마산,"9,075"
2018/04/29,일,넥센,SK,고척,"5,712"
2018/04/29,일,LG,삼성,잠실,"21,031"
2018/05/01,화,롯데,KIA,사직,"12,758"
2018/05/01,화,두산,KT,잠실,"13,421"
2018/05/01,화,한화,LG,대전,"12,449"
2018/05/01,화,삼성,SK,대구,"6,764"
2018/05/01,화,NC,넥센,마산,"6,524"
2018/05/02,수,롯데,KIA,사직,"7,513"
2018/05/02,수,한화,LG,대전,"6,171"
2018/05/02,수,삼성,SK,대구,"3,531"
2018/05/02,수,NC,넥센,마산,"3,098"
2018/05/03,목,롯데,KIA,사직,"12,267"
2018/05/03,목,두산,KT,잠실,"10,196"
2018/05/03,목,한화,LG,대전,"9,680"
2018/05/03,목,삼성,SK,대구,"4,760"
2018/05/03,목,NC,넥센,마산,"4,334"
2018/05/04,금,삼성,한화,대구,"11,094"
2018/05/04,금,SK,롯데,문학,"17,628"
2018/05/04,금,KIA,NC,광주,"15,851"
2018/05/04,금,LG,두산,잠실,"23,098"
2018/05/04,금,KT,넥센,수원,"5,572"
2018/05/05,토,삼성,한화,대구,"21,291"
2018/05/05,토,SK,롯데,문학,"25,000"
2018/05/05,토,KIA,NC,광주,"20,500"
2018/05/05,토,LG,두산,잠실,"25,000"
2018/05/05,토,KT,넥센,수원,"15,090"
2018/05/06,일,KIA,NC,광주,"16,532"
2018/05/06,일,LG,두산,잠실,"21,014"
2018/05/08,화,넥센,한화,고척,"6,875"
2018/05/08,화,LG,롯데,잠실,"13,448"
2018/05/08,화,KIA,두산,광주,"8,734"
2018/05/08,화,NC,SK,마산,"4,068"
2018/05/08,화,KT,삼성,수원,"3,698"
2018/05/09,수,넥센,한화,고척,"7,983"
2018/05/09,수,LG,롯데,잠실,"18,561"
2018/05/09,수,KIA,두산,광주,"14,319"
2018/05/09,수,NC,SK,마산,"4,484"
2018/05/09,수,KT,삼성,수원,"5,985"
2018/05/10,목,넥센,한화,고척,"9,703"
2018/05/10,목,LG,롯데,잠실,"19,697"
2018/05/10,목,KIA,두산,광주,"13,245"
2018/05/10,목,NC,SK,마산,"7,718"
2018/05/10,목,KT,삼성,수원,"5,979"
2018/05/11,금,삼성,KIA,대구,"10,391"
2018/05/11,금,롯데,KT,사직,"17,026"
2018/05/11,금,SK,LG,문학,"15,870"
2018/05/11,금,한화,NC,대전,"12,312"
2018/05/11,금,두산,넥센,잠실,"14,269"
2018/05/13,일,삼성,KIA,대구,"15,135"
2018/05/13,일,롯데,KT,사직,"18,650"
2018/05/13,일,SK,LG,문학,"24,496"
2018/05/13,일,한화,NC,대전,"13,000"
2018/05/13,일,두산,넥센,잠실,"17,813"
2018/05/15,화,넥센,KIA,고척,"12,250"
2018/05/15,화,한화,KT,대전,"10,454"
2018/05/15,화,삼성,LG,포항,"6,787"
2018/05/15,화,NC,롯데,마산,"10,012"
2018/05/15,화,두산,SK,잠실,"13,222"
2018/05/16,수,넥센,KIA,고척,"11,273"
2018/05/16,수,한화,KT,대전,"7,053"
2018/05/16,수,삼성,LG,포항,"5,720"
2018/05/16,수,두산,SK,잠실,"7,119"
2018/05/17,목,넥센,KIA,고척,"11,464"
2018/05/17,목,한화,KT,대전,"6,770"
2018/05/17,목,삼성,LG,포항,"5,614"
2018/05/17,목,NC,롯데,마산,"7,035"
2018/05/18,금,LG,한화,잠실,"21,431"
2018/05/18,금,KT,NC,수원,"3,737"
2018/05/18,금,롯데,두산,사직,"11,287"
2018/05/18,금,KIA,SK,광주,"12,637"
2018/05/18,금,넥센,삼성,고척,"3,298"
2018/05/19,토,LG,한화,잠실,"25,000"
2018/05/19,토,KT,NC,수원,"11,752"
2018/05/19,토,롯데,두산,사직,"25,000"
2018/05/19,토,KIA,SK,광주,"20,500"
2018/05/19,토,넥센,삼성,고척,"8,547"
2018/05/20,일,LG,한화,잠실,"25,000"
2018/05/20,일,KT,NC,수원,"9,497"
2018/05/20,일,롯데,두산,사직,"25,000"
2018/05/20,일,KIA,SK,광주,"20,500"
2018/05/20,일,넥센,삼성,고척,"7,610"
2018/05/22,화,KIA,KT,광주,"19,693"
2018/05/22,화,삼성,롯데,대구,"24,000"
2018/05/22,화,LG,NC,잠실,"18,543"
2018/05/22,화,한화,두산,대전,"13,000"
2018/05/22,화,SK,넥센,문학,"19,616"
2018/05/23,수,KIA,KT,광주,"11,334"
2018/05/23,수,삼성,롯데,대구,"12,008"
2018/05/23,수,LG,NC,잠실,"9,279"
2018/05/23,수,한화,두산,대전,"12,357"
2018/05/23,수,SK,넥센,문학,"7,582"
2018/05/24,목,KIA,KT,광주,"11,297"
2018/05/24,목,삼성,롯데,대구,"11,270"
2018/05/24,목,LG,NC,잠실,"11,075"
2018/05/24,목,한화,두산,대전,"13,000"
2018/05/24,목,SK,넥센,문학,"6,856"
2018/05/25,금,SK,한화,문학,"22,889"
2018/05/25,금,NC,KIA,마산,"8,065"
2018/05/25,금,KT,LG,수원,"10,009"
2018/05/25,금,넥센,롯데,고척,"6,131"
2018/05/25,금,두산,삼성,잠실,"15,168"
2018/05/26,토,SK,한화,문학,"25,000"
2018/05/26,토,NC,KIA,마산,"10,088"
2018/05/26,토,KT,LG,수원,"18,479"
2018/05/26,토,넥센,롯데,고척,"12,331"
2018/05/26,토,두산,삼성,잠실,"25,000"
2018/05/27,일,SK,한화,문학,"25,000"
2018/05/27,일,NC,KIA,마산,"8,019"
2018/05/27,일,KT,LG,수원,"16,232"
2018/05/27,일,넥센,롯데,고척,"9,964"
2018/05/27,일,두산,삼성,잠실,"21,171"
2018/05/29,화,삼성,KT,대구,"7,342"
2018/05/29,화,롯데,LG,사직,"14,775"
2018/05/29,화,한화,NC,대전,"9,158"
2018/05/29,화,KIA,넥센,광주,"9,199"
2018/05/30,수,삼성,KT,대구,"7,705"
2018/05/30,수,롯데,LG,사직,"15,309"
2018/05/30,수,한화,NC,대전,"10,458"
2018/05/30,수,두산,SK,잠실,"12,382"
2018/05/30,수,KIA,넥센,광주,"9,591"
2018/05/31,목,삼성,KT,대구,"8,218"
2018/05/31,목,롯데,LG,사직,"10,389"
2018/05/31,목,한화,NC,대전,"11,479"
2018/05/31,목,두산,SK,잠실,"12,412"
2018/05/31,목,KIA,넥센,광주,"9,928"
2018/06/01,금,롯데,한화,사직,"13,641"
2018/06/01,금,SK,KT,문학,"14,451"
2018/06/01,금,KIA,두산,광주,"17,114"
2018/06/01,금,NC,삼성,마산,"5,763"
2018/06/01,금,LG,넥센,잠실,"12,385"
2018/06/02,토,롯데,한화,사직,"25,000"
2018/06/02,토,SK,KT,문학,"18,465"
2018/06/02,토,KIA,두산,광주,"20,500"
2018/06/02,토,NC,삼성,마산,"8,037"
2018/06/02,토,LG,넥센,잠실,"20,227"
2018/06/03,일,롯데,한화,사직,"14,408"
2018/06/03,일,SK,KT,문학,"14,028"
2018/06/03,일,KIA,두산,광주,"18,581"
2018/06/03,일,NC,삼성,마산,"6,155"
2018/06/03,일,LG,넥센,잠실,"15,687"
2018/06/05,화,LG,한화,잠실,"23,934"
2018/06/05,화,KT,KIA,수원,"12,598"
2018/06/05,화,NC,롯데,마산,"8,536"
2018/06/05,화,넥센,두산,고척,"6,655"
2018/06/05,화,SK,삼성,문학,"10,828"
2018/06/06,수,LG,한화,잠실,"23,593"
2018/06/06,수,KT,KIA,수원,"20,800"
2018/06/06,수,NC,롯데,마산,"8,867"
2018/06/06,수,넥센,두산,고척,"13,731"
2018/06/06,수,SK,삼성,문학,"20,381"
2018/06/07,목,LG,한화,잠실,"20,245"
2018/06/07,목,KT,KIA,수원,"10,436"
2018/06/07,목,NC,롯데,마산,"7,573"
2018/06/07,목,넥센,두산,고척,"4,108"
2018/06/07,목,SK,삼성,문학,"7,624"
2018/06/08,금,롯데,KIA,사직,"13,245"
2018/06/08,금,삼성,LG,대구,"14,613"
2018/06/08,금,두산,NC,잠실,"11,531"
2018/06/08,금,한화,SK,대전,"13,000"
2018/06/08,금,KT,넥센,수원,"3,492"
2018/06/09,토,롯데,KIA,사직,"25,000"
2018/06/09,토,삼성,LG,대구,"24,000"
2018/06/09,토,두산,NC,잠실,"20,314"
2018/06/09,토,한화,SK,대전,"13,000"
2018/06/09,토,KT,넥센,수원,"10,230"
2018/06/10,일,삼성,LG,대구,"13,594"
2018/06/10,일,두산,NC,잠실,"14,323"
2018/06/10,일,한화,SK,대전,"13,000"
2018/06/10,일,KT,넥센,수원,"7,186"
2018/06/12,화,넥센,한화,고척,"9,527"
2018/06/12,화,두산,KT,잠실,"10,412"
2018/06/12,화,NC,LG,마산,"5,730"
2018/06/12,화,KIA,SK,광주,"16,512"
2018/06/12,화,롯데,삼성,사직,"15,541"
2018/06/13,수,넥센,한화,고척,"12,756"
2018/06/13,수,두산,KT,잠실,"13,845"
2018/06/13,수,NC,LG,마산,"4,838"
2018/06/13,수,KIA,SK,광주,"16,869"
2018/06/13,수,롯데,삼성,사직,"13,592"
2018/06/14,목,넥센,한화,고척,"7,656"
2018/06/14,목,두산,KT,잠실,"7,513"
2018/06/14,목,NC,LG,마산,"4,463"
2018/06/14,목,KIA,SK,광주,"10,317"
2018/06/14,목,롯데,삼성,사직,"9,318"
2018/06/15,금,LG,KIA,잠실,"23,375"
2018/06/15,금,NC,KT,마산,"4,418"
2018/06/15,금,SK,롯데,문학,"13,204"
2018/06/15,금,한화,두산,대전,"13,000"
2018/06/15,금,넥센,삼성,고척,"2,676"
2018/06/16,토,LG,KIA,잠실,"25,000"
2018/06/16,토,NC,KT,마산,"7,503"
2018/06/16,토,SK,롯데,문학,"23,047"
2018/06/16,토,한화,두산,대전,"13,000"
2018/06/16,토,넥센,삼성,고척,"7,827"
2018/06/17,일,LG,KIA,잠실,"23,586"
2018/06/17,일,NC,KT,마산,"6,596"
2018/06/17,일,SK,롯데,문학,"16,403"
2018/06/17,일,한화,두산,대전,"13,000"
2018/06/17,일,넥센,삼성,고척,"4,089"
2018/06/19,화,한화,LG,청주,"10,000"
2018/06/19,화,KT,롯데,수원,"6,299"
2018/06/19,화,삼성,SK,대구,"4,353"
2018/06/19,화,두산,넥센,잠실,"7,323"
2018/06/20,수,한화,LG,청주,"10,000"
2018/06/20,수,KT,롯데,수원,"6,404"
2018/06/20,수,KIA,NC,광주,"7,916"
2018/06/20,수,삼성,SK,대구,"6,594"
2018/06/20,수,두산,넥센,잠실,"9,056"
2018/06/21,목,한화,LG,청주,"10,000"
2018/06/21,목,KT,롯데,수원,"7,023"
2018/06/21,목,KIA,NC,광주,"17,892"
2018/06/21,목,삼성,SK,대구,"6,243"
2018/06/21,목,두산,넥센,잠실,"10,145"
2018/06/22,금,NC,한화,마산,"7,525"
2018/06/22,금,넥센,KIA,고척,"6,788"
2018/06/22,금,LG,롯데,잠실,"21,084"
2018/06/22,금,삼성,두산,대구,"12,405"
2018/06/22,금,KT,SK,수원,"3,797"
2018/06/23,토,NC,한화,마산,"9,549"
2018/06/23,토,넥센,KIA,고척,"14,811"
2018/06/23,토,LG,롯데,잠실,"24,212"
2018/06/23,토,삼성,두산,대구,"15,332"
2018/06/23,토,KT,SK,수원,"9,673"
2018/06/24,일,NC,한화,마산,"6,136"
2018/06/24,일,넥센,KIA,고척,"10,227"
2018/06/24,일,LG,롯데,잠실,"20,904"
2018/06/24,일,삼성,두산,대구,"10,188"
2018/06/24,일,KT,SK,수원,"6,468"
2018/06/26,화,NC,두산,마산,"2,922"
2018/06/26,화,한화,삼성,대전,"7,344"
2018/06/26,화,롯데,넥센,사직,"9,507"
2018/06/27,수,SK,KIA,문학,"12,404"
2018/06/27,수,LG,KT,잠실,"9,004"
2018/06/27,수,NC,두산,마산,"2,865"
2018/06/27,수,한화,삼성,대전,"8,153"
2018/06/27,수,롯데,넥센,사직,"4,264"
2018/06/28,목,NC,두산,마산,"2,768"
2018/06/28,목,한화,삼성,대전,"9,914"
2018/06/28,목,롯데,넥센,사직,"4,510"
2018/06/29,금,두산,KIA,잠실,"23,114"
2018/06/29,금,SK,LG,문학,"14,054"
2018/06/29,금,한화,롯데,대전,"13,000"
2018/06/29,금,KT,NC,수원,"3,266"
2018/06/29,금,삼성,넥센,대구,"8,020"
2018/06/30,토,두산,KIA,잠실,"24,110"
2018/06/30,토,SK,LG,문학,"19,024"
2018/06/30,토,한화,롯데,대전,"11,891"
2018/06/30,토,KT,NC,수원,"4,237"
2018/07/01,일,삼성,넥센,대구,"5,015"
2018/07/03,화,KIA,한화,광주,"5,484"
2018/07/03,화,LG,NC,잠실,"7,034"
2018/07/03,화,넥센,SK,고척,"2,635"
2018/07/04,수,KIA,한화,광주,"7,287"
2018/07/04,수,LG,NC,잠실,"7,343"
2018/07/04,수,롯데,두산,사직,"7,750"
2018/07/04,수,넥센,SK,고척,"2,305"
2018/07/04,수,KT,삼성,수원,"3,320"
2018/07/05,목,KIA,한화,광주,"6,923"
2018/07/05,목,LG,NC,잠실,"8,125"
2018/07/05,목,롯데,두산,사직,"7,896"
2018/07/05,목,넥센,SK,고척,"2,876"
2018/07/05,목,KT,삼성,수원,"3,189"
2018/07/06,금,SK,한화,문학,"18,882"
2018/07/06,금,롯데,KT,사직,"10,497"
2018/07/06,금,KIA,LG,광주,"10,136"
2018/07/06,금,넥센,NC,고척,"1,755"
2018/07/06,금,두산,삼성,잠실,"17,262"
2018/07/07,토,SK,한화,문학,"25,000"
2018/07/07,토,롯데,KT,사직,"22,958"
2018/07/07,토,KIA,LG,광주,"19,352"
2018/07/07,토,넥센,NC,고척,"4,681"
2018/07/07,토,두산,삼성,잠실,"21,138"
2018/07/08,일,SK,한화,문학,"23,044"
2018/07/08,일,롯데,KT,사직,"11,528"
2018/07/08,일,KIA,LG,광주,"15,038"
2018/07/08,일,넥센,NC,고척,"2,312"
2018/07/08,일,두산,삼성,잠실,"17,144"
2018/07/10,화,NC,KIA,마산,"5,089"
2018/07/10,화,삼성,롯데,포항,"8,245"
2018/07/10,화,KT,두산,수원,"5,030"
2018/07/10,화,LG,SK,잠실,"8,445"
2018/07/10,화,한화,넥센,대전,"9,776"
2018/07/11,수,NC,KIA,마산,"5,631"
2018/07/11,수,삼성,롯데,포항,"8,920"
2018/07/11,수,KT,두산,수원,"6,249"
2018/07/11,수,LG,SK,잠실,"9,417"
2018/07/11,수,한화,넥센,대전,"10,007"
2018/07/12,목,NC,KIA,마산,"4,761"
2018/07/12,목,삼성,롯데,포항,"8,472"
2018/07/12,목,KT,두산,수원,"6,306"
2018/07/12,목,LG,SK,잠실,"9,947"
2018/07/12,목,한화,넥센,대전,"10,741"
2018/07/17,화,KT,한화,수원,"9,729"
2018/07/17,화,넥센,LG,고척,"5,688"
2018/07/17,화,두산,롯데,잠실,"12,122"
2018/07/17,화,SK,NC,문학,"5,195"
2018/07/17,화,KIA,삼성,광주,"6,685"
2018/07/18,수,KT,한화,수원,"9,599"
2018/07/18,수,넥센,LG,고척,"5,670"
2018/07/18,수,두산,롯데,잠실,"11,707"
2018/07/18,수,SK,NC,문학,"6,563"
2018/07/18,수,KIA,삼성,광주,"7,058"
2018/07/19,목,KT,한화,수원,"9,918"
2018/07/19,목,넥센,LG,고척,"6,475"
2018/07/19,목,두산,롯데,잠실,"12,265"
2018/07/19,목,SK,NC,문학,"6,702"
2018/07/19,목,KIA,삼성,광주,"8,834"
2018/07/20,금,삼성,한화,대구,"10,101"
2018/07/20,금,KIA,KT,광주,"9,487"
2018/07/20,금,LG,두산,잠실,"19,800"
2018/07/20,금,롯데,SK,사직,"9,293"
2018/07/20,금,NC,넥센,마산,"4,577"
2018/07/21,토,삼성,한화,대구,"12,101"
2018/07/21,토,KIA,KT,광주,"13,177"
2018/07/21,토,LG,두산,잠실,"22,550"
2018/07/21,토,롯데,SK,사직,"15,371"
2018/07/21,토,NC,넥센,마산,"7,048"
2018/07/22,일,삼성,한화,대구,"8,146"
2018/07/22,일,KIA,KT,광주,"8,018"
2018/07/22,일,LG,두산,잠실,"18,463"
2018/07/22,일,롯데,SK,사직,"7,609"
2018/07/22,일,NC,넥센,마산,"4,381"
2018/07/24,화,한화,KIA,대전,"9,604"
2018/07/24,화,넥센,KT,고척,"1,515"
2018/07/24,화,롯데,NC,사직,"7,559"
2018/07/24,화,SK,두산,문학,"15,433"
2018/07/24,화,LG,삼성,잠실,"9,393"
2018/07/25,수,한화,KIA,대전,"9,281"
2018/07/25,수,넥센,KT,고척,"1,600"
2018/07/25,수,롯데,NC,사직,"7,318"
2018/07/25,수,SK,두산,문학,"13,068"
2018/07/25,수,LG,삼성,잠실,"8,849"
2018/07/26,목,한화,KIA,대전,"9,397"
2018/07/26,목,넥센,KT,고척,"1,637"
2018/07/26,목,롯데,NC,사직,"7,177"
2018/07/26,목,SK,두산,문학,"13,499"
2018/07/26,목,LG,삼성,잠실,"9,415"
2018/07/27,금,두산,한화,잠실,"19,023"
2018/07/27,금,삼성,KIA,대구,"5,293"
2018/07/27,금,KT,LG,수원,"7,188"
2018/07/27,금,넥센,롯데,고척,"4,148"
2018/07/27,금,NC,SK,마산,"4,187"
2018/07/28,토,두산,한화,잠실,"22,202"
2018/07/28,토,삼성,KIA,대구,"14,121"
2018/07/28,토,KT,LG,수원,"13,230"
2018/07/28,토,넥센,롯데,고척,"9,386"
2018/07/28,토,NC,SK,마산,"6,103"
2018/07/29,일,두산,한화,잠실,"21,084"
2018/07/29,일,삼성,KIA,대구,"10,631"
2018/07/29,일,KT,LG,수원,"9,079"
2018/07/29,일,넥센,롯데,고척,"7,354"
2018/07/29,일,NC,SK,마산,"4,263"
2018/07/31,화,한화,KT,대전,"8,013"
2018/07/31,화,두산,LG,잠실,"13,107"
2018/07/31,화,KIA,롯데,광주,"8,508"
2018/07/31,화,삼성,NC,대구,"9,057"
2018/07/31,화,SK,넥센,문학,"6,049"
2018/08/01,수,한화,KT,대전,"7,896"
2018/08/01,수,두산,LG,잠실,"12,145"
2018/08/01,수,KIA,롯데,광주,"7,018"
2018/08/01,수,삼성,NC,대구,"8,519"
2018/08/01,수,SK,넥센,문학,"5,976"
2018/08/02,목,한화,KT,대전,"8,425"
2018/08/02,목,두산,LG,잠실,"13,304"
2018/08/02,목,KIA,롯데,광주,"8,398"
2018/08/02,목,삼성,NC,대구,"9,486"
2018/08/02,목,SK,넥센,문학,"6,948"
2018/08/04,토,한화,NC,대전,"12,154"
2018/08/04,토,KIA,두산,광주,"12,219"
2018/08/04,토,LG,SK,잠실,"12,070"
2018/08/04,토,롯데,삼성,사직,"21,694"
2018/08/04,토,KT,넥센,수원,"7,073"
2018/08/05,일,한화,NC,대전,"8,618"
2018/08/05,일,KIA,두산,광주,"8,281"
2018/08/05,일,LG,SK,잠실,"8,689"
2018/08/05,일,롯데,삼성,사직,"10,813"
2018/08/05,일,KT,넥센,수원,"5,249"
2018/08/07,화,두산,한화,잠실,"13,184"
2018/08/07,화,넥센,KIA,고척,"10,520"
2018/08/07,화,NC,KT,마산,"4,936"
2018/08/07,화,롯데,LG,울산,"6,036"
2018/08/07,화,SK,삼성,문학,"7,135"
2018/08/08,수,두산,한화,잠실,"14,047"
2018/08/08,수,넥센,KIA,고척,"10,312"
2018/08/08,수,NC,KT,마산,"4,382"
2018/08/08,수,롯데,LG,울산,"12,038"
2018/08/08,수,SK,삼성,문학,"7,160"
2018/08/09,목,KIA,롯데,광주,"6,026"
2018/08/09,목,KT,두산,수원,"6,566"
2018/08/09,목,NC,SK,마산,"4,315"
2018/08/09,목,LG,삼성,잠실,"10,007"
2018/08/09,목,한화,넥센,청주,"9,485"
2018/08/10,금,KT,두산,수원,"8,117"
2018/08/10,금,NC,SK,마산,"5,867"
2018/08/10,금,LG,삼성,잠실,"12,706"
2018/08/10,금,한화,넥센,청주,"9,813"
2018/08/11,토,SK,KIA,문학,"24,379"
2018/08/11,토,한화,KT,대전,"11,528"
2018/08/11,토,넥센,LG,고척,"12,771"
2018/08/11,토,두산,롯데,잠실,"18,426"
2018/08/11,토,삼성,NC,대구,"18,533"
2018/08/12,일,SK,KIA,문학,"18,378"
2018/08/12,일,한화,KT,대전,"9,827"
2018/08/12,일,넥센,LG,고척,"9,279"
2018/08/12,일,두산,롯데,잠실,"14,175"
2018/08/12,일,삼성,NC,대구,"12,603"
2018/08/14,화,롯데,한화,사직,"16,346"
2018/08/14,화,KIA,LG,광주,"10,131"
2018/08/14,화,KT,NC,수원,"4,364"
2018/08/14,화,두산,SK,잠실,"11,132"
2018/08/14,화,삼성,넥센,대구,"11,146"
2018/08/15,수,KIA,LG,광주,"11,520"
2018/08/15,수,KT,NC,수원,"6,752"
2018/08/15,수,두산,SK,잠실,"12,244"
2018/08/15,수,삼성,넥센,대구,"12,048"
2018/08/16,목,삼성,한화,대구,"6,809"
2018/08/16,목,롯데,KIA,사직,"10,800"
2018/08/16,목,SK,LG,문학,"8,388"
2018/08/16,목,KT,NC,수원,"3,359"
2018/08/16,목,두산,넥센,잠실,"9,168"
2018/09/04,화,두산,KIA,잠실,"14,603"
2018/09/04,화,KT,LG,수원,"4,287"
2018/09/04,화,한화,롯데,대전,"7,285"
2018/09/04,화,NC,삼성,마산,"4,258"
2018/09/04,화,SK,넥센,문학,"5,002"
2018/09/05,수,두산,KIA,잠실,"17,191"
2018/09/05,수,KT,LG,수원,"4,251"
2018/09/05,수,한화,롯데,대전,"7,911"
2018/09/05,수,NC,삼성,마산,"5,132"
2018/09/05,수,SK,넥센,문학,"5,241"
2018/09/06,목,KT,한화,수원,"7,268"
2018/09/06,목,LG,NC,잠실,"6,944"
2018/09/06,목,삼성,두산,대구,"6,517"
2018/09/06,목,롯데,SK,울산,"4,668"
2018/09/06,목,KIA,넥센,광주,"6,397"
2018/09/07,금,KT,한화,수원,"9,936"
2018/09/07,금,LG,NC,잠실,"7,917"
2018/09/07,금,삼성,두산,대구,"11,078"
2018/09/07,금,롯데,SK,울산,"4,240"
2018/09/07,금,KIA,넥센,광주,"6,771"
2018/09/08,토,LG,한화,잠실,"22,908"
2018/09/08,토,넥센,KT,고척,"3,093"
2018/09/08,토,NC,롯데,마산,"8,637"
2018/09/08,토,SK,두산,문학,"24,084"
2018/09/08,토,KIA,삼성,광주,"13,796"
2018/09/09,일,LG,한화,잠실,"19,286"
2018/09/09,일,넥센,KT,고척,"2,473"
2018/09/09,일,NC,롯데,마산,"8,091"
2018/09/09,일,SK,두산,문학,"20,498"
2018/09/09,일,KIA,삼성,광주,"11,352"
2018/09/11,화,삼성,한화,대구,"6,141"
2018/09/11,화,NC,KIA,마산,"4,077"
2018/09/11,화,SK,KT,문학,"4,993"
2018/09/11,화,롯데,두산,사직,"8,990"
2018/09/11,화,LG,넥센,잠실,"8,386"
2018/09/12,수,삼성,한화,대구,"8,679"
2018/09/12,수,NC,KIA,마산,"4,086"
2018/09/12,수,SK,KT,문학,"4,254"
2018/09/12,수,롯데,두산,사직,"7,021"
2018/09/12,수,LG,넥센,잠실,"8,463"
2018/09/13,목,두산,KT,잠실,"9,214"
2018/09/13,목,삼성,LG,대구,"8,104"
2018/09/13,목,한화,SK,청주,"9,454"
2018/09/14,금,롯데,KIA,사직,"5,231"
2018/09/14,금,두산,KT,잠실,"10,124"
2018/09/14,금,삼성,LG,대구,"5,528"
2018/09/14,금,한화,SK,청주,"8,381"
2018/09/14,금,NC,넥센,마산,"3,107"
2018/09/15,토,한화,LG,대전,"12,715"
2018/09/15,토,두산,NC,잠실,"16,558"
2018/09/15,토,KIA,SK,광주,"11,480"
2018/09/15,토,KT,삼성,수원,"11,724"
2018/09/15,토,롯데,넥센,사직,"25,000"
2018/09/16,일,한화,LG,대전,"12,012"
2018/09/16,일,두산,NC,잠실,"13,214"
2018/09/16,일,KIA,SK,광주,"8,306"
2018/09/16,일,KT,삼성,수원,"12,100"
2018/09/16,일,롯데,넥센,사직,"9,061"
2018/09/18,화,NC,한화,마산,"4,434"
2018/09/18,화,삼성,KIA,대구,"5,733"
2018/09/18,화,LG,롯데,잠실,"11,101"
2018/09/18,화,넥센,두산,고척,"4,743"
2018/09/18,화,KT,SK,수원,"4,050"
2018/09/19,수,NC,한화,마산,"4,556"
2018/09/19,수,삼성,KIA,대구,"9,067"
2018/09/19,수,LG,롯데,잠실,"10,126"
2018/09/19,수,넥센,두산,고척,"4,470"
2018/09/19,수,KT,SK,수원,"3,910"
2018/09/20,목,SK,한화,문학,"12,160"
2018/09/20,목,롯데,KT,사직,"3,709"
2018/09/20,목,KIA,NC,광주,"8,293"
2018/09/20,목,LG,두산,잠실,"12,019"
2018/09/20,목,넥센,삼성,고척,"2,793"
2018/09/21,금,SK,한화,문학,"17,156"
2018/09/21,금,KIA,NC,광주,"10,114"
2018/09/21,금,LG,두산,잠실,"17,031"
2018/09/21,금,넥센,삼성,고척,"3,013"
2018/09/22,토,한화,KIA,대전,"13,000"
2018/09/22,토,LG,KT,잠실,"13,314"
2018/09/22,토,삼성,롯데,대구,"18,461"
2018/09/22,토,NC,두산,마산,"8,182"
2018/09/22,토,넥센,SK,고척,"5,426"
2018/09/23,일,한화,KIA,대전,"10,120"
2018/09/23,일,LG,KT,잠실,"9,444"
2018/09/23,일,삼성,롯데,대구,"12,835"
2018/09/23,일,NC,두산,마산,"6,035"
2018/09/23,일,넥센,SK,고척,"3,549"
2018/09/25,화,KT,KIA,수원,"20,006"
2018/09/25,화,SK,LG,문학,"22,655"
2018/09/25,화,롯데,NC,사직,"13,850"
2018/09/25,화,한화,삼성,대전,"13,000"
2018/09/25,화,두산,넥센,잠실,"24,553"
2018/09/26,수,KT,KIA,수원,"20,226"
2018/09/26,수,SK,LG,문학,"19,974"
2018/09/26,수,롯데,NC,사직,"10,253"
2018/09/26,수,한화,삼성,대전,"11,637"
2018/09/26,수,두산,넥센,잠실,"15,232"
2018/09/27,목,LG,KIA,잠실,"17,937"
2018/09/27,목,삼성,KT,대구,"5,792"
2018/09/27,목,넥센,롯데,고척,"3,383"
2018/09/27,목,SK,NC,문학,"7,398"
2018/09/27,목,한화,두산,대전,"8,109"
2018/09/28,금,LG,KIA,잠실,"21,766"
2018/09/28,금,삼성,KT,대구,"9,683"
2018/09/28,금,넥센,롯데,고척,"3,659"
2018/09/28,금,SK,NC,문학,"6,746"
2018/09/28,금,한화,두산,대전,"10,705"
2018/09/29,토,KIA,한화,광주,"17,812"
2018/09/29,토,두산,LG,잠실,"24,183"
2018/09/29,토,KT,롯데,수원,"14,290"
2018/09/29,토,넥센,NC,고척,"3,603"
2018/09/29,토,삼성,SK,대구,"18,220"
2018/09/30,일,KIA,한화,광주,"16,137"
2018/09/30,일,두산,LG,잠실,"19,274"
2018/09/30,일,KT,롯데,수원,"11,983"
2018/09/30,일,넥센,NC,고척,"4,542"
2018/09/30,일,삼성,SK,대구,"14,651"
2018/10/02,화,LG,KT,잠실,"5,512"
2018/10/02,화,SK,롯데,문학,"13,782"
2018/10/02,화,KIA,NC,광주,"8,886"
2018/10/03,수,삼성,KIA,대구,"19,432"
2018/10/03,수,LG,KT,잠실,"11,896"
2018/10/03,수,한화,롯데,대전,"13,000"
2018/10/04,목,SK,KIA,문학,"13,556"
2018/10/04,목,한화,롯데,대전,"9,555"
2018/10/06,토,롯데,한화,사직,"9,449"
2018/10/06,토,SK,KIA,문학,"9,241"
2018/10/06,토,SK,KIA,문학,"22,002"
2018/10/06,토,두산,LG,잠실,"19,891"
2018/10/06,토,KT,삼성,수원,"8,291"
2018/10/06,토,NC,넥센,마산,"5,297"
2018/10/07,일,두산,KIA,잠실,"25,000"
2018/10/07,일,NC,롯데,마산,"11,000"
2018/10/09,화,KT,한화,수원,"20,512"
2018/10/09,화,롯데,KIA,사직,"25,000"
2018/10/09,화,SK,삼성,문학,"22,031"
2018/10/10,수,KIA,한화,광주,"6,133"
2018/10/10,수,롯데,KT,사직,"4,793"
2018/10/10,수,롯데,KT,사직,"11,528"
2018/10/10,수,두산,SK,잠실,"11,126"
2018/10/11,목,KIA,롯데,광주,"7,745"
2018/10/11,목,두산,SK,잠실,"10,987"
2018/10/12,금,KIA,롯데,광주,"12,318"
2018/10/12,금,두산,NC,잠실,"10,914"
2018/10/12,금,KT,넥센,수원,"10,268"
2018/10/13,토,두산,KT,잠실,"18,528"
2018/10/13,토,SK,LG,문학,"22,399"
2018/10/13,토,KIA,롯데,광주,"15,640"
2018/10/13,토,한화,NC,대전,"13,000"
2018/10/13,토,삼성,넥센,대구,"24,000"
2018/10/14,일,롯데,두산,사직,"6,414"
2019/03/23,토,두산,한화,잠실,"25,000"
2019/03/23,토,SK,KT,문학,"21,909"
2019/03/23,토,KIA,LG,광주,"20,500"
2019/03/23,토,NC,삼성,창원,"22,112"
2019/03/23,토,롯데,키움,사직,"24,500"
2019/03/24,일,두산,한화,잠실,"25,000"
2019/03/24,일,SK,KT,문학,"15,421"
2019/03/24,일,KIA,LG,광주,"17,597"
2019/03/24,일,NC,삼성,창원,"20,067"
2019/03/24,일,롯데,키움,사직,"22,218"
2019/03/26,화,KIA,한화,광주,"5,553"
2019/03/26,화,NC,KT,창원,"4,782"
2019/03/26,화,SK,LG,문학,"6,718"
2019/03/26,화,롯데,삼성,사직,"7,345"
2019/03/26,화,두산,키움,잠실,"6,155"
2019/03/27,수,KIA,한화,광주,"6,251"
2019/03/27,수,NC,KT,창원,"5,154"
2019/03/27,수,SK,LG,문학,"6,319"
2019/03/27,수,롯데,삼성,사직,"8,136"
2019/03/27,수,두산,키움,잠실,"5,784"
2019/03/28,목,KIA,한화,광주,"5,629"
2019/03/28,목,NC,KT,창원,"4,757"
2019/03/28,목,SK,LG,문학,"8,053"
2019/03/28,목,롯데,삼성,사직,"7,625"
2019/03/28,목,두산,키움,잠실,"6,752"
2019/03/29,금,KT,KIA,수원,"16,156"
2019/03/29,금,LG,롯데,잠실,"19,370"
2019/03/29,금,한화,NC,대전,"12,152"
2019/03/29,금,삼성,두산,대구,"12,361"
2019/03/29,금,키움,SK,고척,"5,435"
2019/03/30,토,KT,KIA,수원,"11,475"
2019/03/30,토,LG,롯데,잠실,"20,601"
2019/03/30,토,한화,NC,대전,"11,239"
2019/03/30,토,삼성,두산,대구,"20,559"
2019/03/30,토,키움,SK,고척,"7,330"
2019/03/31,일,KT,KIA,수원,"13,861"
2019/03/31,일,LG,롯데,잠실,"21,267"
2019/03/31,일,한화,NC,대전,"11,878"
2019/03/31,일,삼성,두산,대구,"14,084"
2019/03/31,일,키움,SK,고척,"5,682"
2019/04/02,화,삼성,KIA,대구,"4,818"
2019/04/02,화,두산,KT,잠실,"6,091"
2019/04/02,화,한화,LG,대전,"6,619"
2019/04/02,화,SK,롯데,문학,"6,556"
2019/04/02,화,NC,키움,창원,"4,602"
2019/04/03,수,삼성,KIA,대구,"5,777"
2019/04/03,수,두산,KT,잠실,"5,811"
2019/04/03,수,한화,LG,대전,"6,002"
2019/04/03,수,SK,롯데,문학,"6,457"
2019/04/03,수,NC,키움,창원,"4,945"
2019/04/04,목,삼성,KIA,대구,"5,863"
2019/04/04,목,두산,KT,잠실,"5,427"
2019/04/04,목,한화,LG,대전,"6,650"
2019/04/04,목,SK,롯데,문학,"7,352"
2019/04/04,목,NC,키움,창원,"4,806"
2019/04/05,금,롯데,한화,사직,"11,451"
2019/04/05,금,KT,LG,수원,"5,671"
2019/04/05,금,두산,NC,잠실,"10,365"
2019/04/05,금,SK,삼성,문학,"9,178"
2019/04/05,금,KIA,키움,광주,"7,048"
2019/04/06,토,롯데,한화,사직,"23,305"
2019/04/06,토,KT,LG,수원,"8,509"
2019/04/06,토,두산,NC,잠실,"14,279"
2019/04/06,토,SK,삼성,문학,"14,617"
2019/04/06,토,KIA,키움,광주,"15,302"
2019/04/07,일,롯데,한화,사직,"11,028"
2019/04/07,일,KT,LG,수원,"12,563"
2019/04/07,일,두산,NC,잠실,"16,081"
2019/04/07,일,SK,삼성,문학,"19,069"
2019/04/09,화,키움,KT,고척,"1,377"
2019/04/10,수,키움,KT,고척,"1,158"
2019/04/10,수,KIA,NC,광주,"7,207"
2019/04/10,수,롯데,두산,사직,"6,825"
2019/04/10,수,한화,SK,대전,"5,434"
2019/04/10,수,LG,삼성,잠실,"10,261"
2019/04/11,목,키움,KT,고척,"1,369"
2019/04/11,목,KIA,NC,광주,"6,809"
2019/04/11,목,롯데,두산,사직,"7,403"
2019/04/11,목,한화,SK,대전,"5,792"
2019/04/11,목,LG,삼성,잠실,"11,168"
2019/04/12,금,키움,한화,고척,"6,559"
2019/04/12,금,SK,KIA,문학,"15,392"
2019/04/12,금,삼성,KT,대구,"7,087"
2019/04/12,금,NC,롯데,창원,"17,028"
2019/04/12,금,LG,두산,잠실,"18,489"
2019/04/13,토,키움,한화,고척,"12,322"
2019/04/13,토,SK,KIA,문학,"22,502"
2019/04/13,토,삼성,KT,대구,"16,783"
2019/04/13,토,NC,롯데,창원,"22,112"
2019/04/13,토,LG,두산,잠실,"25,000"
2019/04/14,일,키움,한화,고척,"10,338"
2019/04/14,일,SK,KIA,문학,"17,179"
2019/04/14,일,삼성,KT,대구,"7,347"
2019/04/14,일,NC,롯데,창원,"16,860"
2019/04/14,일,LG,두산,잠실,"15,459"
2019/04/16,화,KT,한화,수원,"7,248"
2019/04/16,화,롯데,KIA,사직,"9,766"
2019/04/16,화,NC,LG,창원,"6,568"
2019/04/16,화,두산,SK,잠실,"8,633"
2019/04/16,화,삼성,키움,포항,"5,179"
2019/04/17,수,KT,한화,수원,"6,342"
2019/04/17,수,롯데,KIA,사직,"7,175"
2019/04/17,수,NC,LG,창원,"9,030"
2019/04/17,수,두산,SK,잠실,"9,217"
2019/04/17,수,삼성,키움,포항,"5,784"
2019/04/18,목,KT,한화,수원,"5,536"
2019/04/18,목,롯데,KIA,사직,"7,777"
2019/04/18,목,NC,LG,창원,"7,156"
2019/04/18,목,두산,SK,잠실,"8,624"
2019/04/18,목,삼성,키움,포항,"5,284"
2019/04/19,금,롯데,KT,사직,"8,483"
2019/04/19,금,SK,NC,문학,"7,657"
2019/04/19,금,KIA,두산,광주,"9,044"
2019/04/19,금,한화,삼성,대전,"8,058"
2019/04/19,금,LG,키움,잠실,"9,936"
2019/04/20,토,롯데,KT,사직,"17,232"
2019/04/20,토,SK,NC,문학,"18,023"
2019/04/20,토,KIA,두산,광주,"16,047"
2019/04/20,토,한화,삼성,대전,"13,000"
2019/04/20,토,LG,키움,잠실,"16,362"
2019/04/21,일,롯데,KT,사직,"14,394"
2019/04/21,일,SK,NC,문학,"15,812"
2019/04/21,일,KIA,두산,광주,"13,401"
2019/04/21,일,한화,삼성,대전,"12,761"
2019/04/21,일,LG,키움,잠실,"14,364"
2019/04/23,화,LG,KIA,잠실,"12,485"
2019/04/23,화,KT,NC,수원,"2,903"
2019/04/23,화,키움,두산,고척,"4,034"
2019/04/24,수,LG,KIA,잠실,"14,171"
2019/04/24,수,한화,롯데,대전,"6,235"
2019/04/24,수,KT,NC,수원,"3,905"
2019/04/24,수,키움,두산,고척,"4,174"
2019/04/24,수,삼성,SK,대구,"6,214"
2019/04/25,목,키움,두산,고척,"4,042"
2019/04/25,목,삼성,SK,대구,"3,889"
2019/04/26,금,키움,KIA,고척,"5,357"
2019/04/26,금,두산,롯데,잠실,"15,257"
2019/04/26,금,KT,SK,수원,"3,712"
2019/04/27,토,NC,한화,창원,"15,140"
2019/04/27,토,키움,KIA,고척,"10,491"
2019/04/27,토,삼성,LG,대구,"19,767"
2019/04/27,토,두산,롯데,잠실,"24,027"
2019/04/27,토,KT,SK,수원,"10,514"
2019/04/28,일,NC,한화,창원,"11,267"
2019/04/28,일,키움,KIA,고척,"9,038"
2019/04/28,일,삼성,LG,대구,"14,214"
2019/04/28,일,두산,롯데,잠실,"20,219"
2019/04/28,일,KT,SK,수원,"8,508"
2019/04/30,화,LG,KT,잠실,"10,144"
2019/04/30,화,롯데,NC,사직,"13,974"
2019/04/30,화,한화,두산,대전,"7,555"
2019/04/30,화,KIA,삼성,광주,"8,204"
2019/04/30,화,SK,키움,문학,"8,972"
2019/05/01,수,LG,KT,잠실,"12,582"
2019/05/01,수,롯데,NC,사직,"12,296"
2019/05/01,수,한화,두산,대전,"10,779"
2019/05/01,수,KIA,삼성,광주,"8,023"
2019/05/01,수,SK,키움,문학,"15,875"
2019/05/02,목,LG,KT,잠실,"9,806"
2019/05/02,목,롯데,NC,사직,"9,280"
2019/05/02,목,한화,두산,대전,"7,358"
2019/05/02,목,KIA,삼성,광주,"7,550"
2019/05/02,목,SK,키움,문학,"8,147"
2019/05/03,금,NC,KIA,창원,"11,196"
2019/05/03,금,한화,KT,대전,"8,529"
2019/05/03,금,두산,LG,잠실,"24,133"
2019/05/03,금,롯데,SK,사직,"10,573"
2019/05/03,금,키움,삼성,고척,"3,554"
2019/05/04,토,NC,KIA,창원,"15,902"
2019/05/04,토,한화,KT,대전,"12,179"
2019/05/04,토,두산,LG,잠실,"25,000"
2019/05/04,토,롯데,SK,사직,"16,666"
2019/05/04,토,키움,삼성,고척,"7,748"
2019/05/05,일,NC,KIA,창원,"17,221"
2019/05/05,일,한화,KT,대전,"13,000"
2019/05/05,일,두산,LG,잠실,"25,000"
2019/05/05,일,롯데,SK,사직,"20,490"
2019/05/05,일,키움,삼성,고척,"10,651"
2019/05/07,화,SK,한화,문학,"11,668"
2019/05/07,화,두산,KIA,잠실,"13,196"
2019/05/07,화,키움,LG,고척,"4,139"
2019/05/07,화,KT,롯데,수원,"4,436"
2019/05/07,화,삼성,NC,대구,"5,450"
2019/05/08,수,SK,한화,문학,"11,027"
2019/05/08,수,두산,KIA,잠실,"12,115"
2019/05/08,수,키움,LG,고척,"3,418"
2019/05/08,수,KT,롯데,수원,"3,437"
2019/05/08,수,삼성,NC,대구,"5,220"
2019/05/09,목,SK,한화,문학,"16,817"
2019/05/09,목,두산,KIA,잠실,"16,281"
2019/05/09,목,키움,LG,고척,"8,283"
2019/05/09,목,KT,롯데,수원,"5,675"
2019/05/09,목,삼성,NC,대구,"6,381"
2019/05/10,금,LG,한화,잠실,"19,399"
2019/05/10,금,삼성,롯데,대구,"14,620"
2019/05/10,금,NC,두산,창원,"9,716"
2019/05/10,금,KIA,SK,광주,"9,105"
2019/05/10,금,KT,키움,수원,"4,567"
2019/05/11,토,LG,한화,잠실,"25,000"
2019/05/11,토,삼성,롯데,대구,"24,000"
2019/05/11,토,NC,두산,창원,"14,806"
2019/05/11,토,KIA,SK,광주,"15,173"
2019/05/11,토,KT,키움,수원,"10,800"
2019/05/12,일,LG,한화,잠실,"21,860"
2019/05/12,일,삼성,롯데,대구,"17,458"
2019/05/12,일,NC,두산,창원,"10,486"
2019/05/12,일,KIA,SK,광주,"11,433"
2019/05/12,일,KT,키움,수원,"9,792"
2019/05/14,화,KIA,KT,광주,"6,355"
2019/05/14,화,롯데,LG,사직,"18,119"
2019/05/14,화,NC,SK,창원,"5,992"
2019/05/14,화,두산,삼성,잠실,"12,127"
2019/05/14,화,한화,키움,대전,"6,387"
2019/05/15,수,KIA,KT,광주,"6,711"
2019/05/15,수,롯데,LG,사직,"9,738"
2019/05/15,수,NC,SK,창원,"8,402"
2019/05/15,수,두산,삼성,잠실,"12,085"
2019/05/15,수,한화,키움,대전,"6,878"
2019/05/16,목,KIA,KT,광주,"6,384"
2019/05/16,목,롯데,LG,사직,"14,064"
2019/05/16,목,NC,SK,창원,"6,735"
2019/05/16,목,두산,삼성,잠실,"15,267"
2019/05/16,목,한화,키움,대전,"7,912"
2019/05/17,금,한화,KIA,대전,"12,927"
2019/05/17,금,키움,롯데,고척,"5,127"
2019/05/17,금,LG,NC,잠실,"11,998"
2019/05/17,금,SK,두산,문학,"19,391"
2019/05/17,금,KT,삼성,수원,"6,834"
2019/05/18,토,한화,KIA,대전,"13,000"
2019/05/18,토,키움,롯데,고척,"9,325"
2019/05/18,토,LG,NC,잠실,"17,182"
2019/05/18,토,SK,두산,문학,"23,000"
2019/05/18,토,KT,삼성,수원,"14,474"
2019/05/19,일,한화,KIA,대전,"12,287"
2019/05/19,일,키움,롯데,고척,"7,887"
2019/05/21,화,삼성,한화,대구,"8,422"
2019/05/21,화,KIA,롯데,광주,"15,514"
2019/05/21,화,키움,NC,고척,"1,907"
2019/05/21,화,KT,두산,수원,"5,630"
2019/05/21,화,LG,SK,잠실,"10,254"
2019/05/22,수,삼성,한화,대구,"8,678"
2019/05/22,수,KIA,롯데,광주,"7,648"
2019/05/22,수,키움,NC,고척,"1,826"
2019/05/22,수,KT,두산,수원,"6,858"
2019/05/22,수,LG,SK,잠실,"10,082"
2019/05/23,목,삼성,한화,대구,"8,536"
2019/05/23,목,KIA,롯데,광주,"8,055"
2019/05/23,목,키움,NC,고척,"2,156"
2019/05/23,목,KT,두산,수원,"6,871"
2019/05/23,목,LG,SK,잠실,"10,249"
2019/05/24,금,두산,한화,잠실,"20,567"
2019/05/24,금,KIA,KT,광주,"9,646"
2019/05/24,금,롯데,LG,사직,"11,427"
2019/05/24,금,NC,SK,창원,"10,110"
2019/05/24,금,삼성,키움,대구,"8,749"
2019/05/25,토,두산,한화,잠실,"25,000"
2019/05/25,토,KIA,KT,광주,"18,046"
2019/05/25,토,롯데,LG,사직,"24,500"
2019/05/25,토,NC,SK,창원,"13,079"
2019/05/25,토,삼성,키움,대구,"19,106"
2019/05/26,일,두산,한화,잠실,"22,209"
2019/05/26,일,KIA,KT,광주,"12,444"
2019/05/26,일,롯데,LG,사직,"13,967"
2019/05/26,일,NC,SK,창원,"9,221"
2019/05/26,일,삼성,키움,대구,"11,891"
2019/05/28,화,한화,KIA,대전,"9,292"
2019/05/28,화,SK,KT,문학,"18,477"
2019/05/28,화,키움,LG,고척,"5,387"
2019/05/28,화,NC,롯데,창원,"13,044"
2019/05/28,화,두산,삼성,잠실,"10,353"
2019/05/29,수,한화,KIA,대전,"10,356"
2019/05/29,수,SK,KT,문학,"8,261"
2019/05/29,수,키움,LG,고척,"4,563"
2019/05/29,수,NC,롯데,창원,"13,568"
2019/05/29,수,두산,삼성,잠실,"12,132"
2019/05/30,목,한화,KIA,대전,"9,502"
2019/05/30,목,SK,KT,문학,"7,778"
2019/05/30,목,키움,LG,고척,"5,096"
2019/05/30,목,NC,롯데,창원,"12,896"
2019/05/30,목,두산,삼성,잠실,"10,428"
2019/05/31,금,SK,한화,문학,"15,480"
2019/05/31,금,LG,NC,잠실,"10,099"
2019/05/31,금,KT,두산,수원,"7,105"
2019/05/31,금,롯데,삼성,사직,"9,425"
2019/05/31,금,KIA,키움,광주,"10,595"
2019/06/01,토,SK,한화,문학,"23,000"
2019/06/01,토,LG,NC,잠실,"18,500"
2019/06/01,토,KT,두산,수원,"17,341"
2019/06/01,토,롯데,삼성,사직,"19,461"
2019/06/01,토,KIA,키움,광주,"18,093"
2019/06/02,일,SK,한화,문학,"17,503"
2019/06/02,일,LG,NC,잠실,"12,536"
2019/06/02,일,KT,두산,수원,"10,882"
2019/06/02,일,롯데,삼성,사직,"11,657"
2019/06/02,일,KIA,키움,광주,"11,687"
2019/06/04,화,롯데,한화,울산,"7,721"
2019/06/04,화,LG,KT,잠실,"7,244"
2019/06/04,화,삼성,NC,대구,"7,142"
2019/06/04,화,KIA,두산,광주,"18,318"
2019/06/04,화,키움,SK,고척,"4,703"
2019/06/05,수,롯데,한화,울산,"8,812"
2019/06/05,수,LG,KT,잠실,"9,860"
2019/06/05,수,삼성,NC,대구,"10,078"
2019/06/05,수,KIA,두산,광주,"10,247"
2019/06/05,수,키움,SK,고척,"5,333"
2019/06/06,목,롯데,한화,울산,"7,104"
2019/06/06,목,LG,KT,잠실,"13,673"
2019/06/06,목,삼성,NC,대구,"15,425"
2019/06/06,목,KIA,두산,광주,"16,203"
2019/06/06,목,키움,SK,고척,"8,594"
2019/06/07,금,NC,KIA,창원,"7,173"
2019/06/07,금,한화,LG,대전,"9,416"
2019/06/07,금,KT,롯데,수원,"4,848"
2019/06/07,금,SK,삼성,문학,"10,608"
2019/06/07,금,두산,키움,잠실,"11,436"
2019/06/08,토,NC,KIA,창원,"16,293"
2019/06/08,토,한화,LG,대전,"13,000"
2019/06/08,토,KT,롯데,수원,"14,264"
2019/06/08,토,SK,삼성,문학,"21,934"
2019/06/08,토,두산,키움,잠실,"18,312"
2019/06/09,일,NC,KIA,창원,"8,771"
2019/06/09,일,한화,LG,대전,"10,064"
2019/06/09,일,KT,롯데,수원,"5,289"
2019/06/09,일,SK,삼성,문학,"11,819"
2019/06/09,일,두산,키움,잠실,"10,287"
2019/06/11,화,LG,롯데,잠실,"10,802"
2019/06/11,화,한화,두산,대전,"6,637"
2019/06/11,화,KT,SK,수원,"3,796"
2019/06/11,화,KIA,삼성,광주,"7,058"
2019/06/11,화,NC,키움,창원,"5,394"
2019/06/12,수,LG,롯데,잠실,"13,909"
2019/06/12,수,한화,두산,대전,"6,578"
2019/06/12,수,KT,SK,수원,"5,300"
2019/06/12,수,KIA,삼성,광주,"7,370"
2019/06/12,수,NC,키움,창원,"6,839"
2019/06/13,목,LG,롯데,잠실,"13,705"
2019/06/13,목,한화,두산,대전,"6,418"
2019/06/13,목,KT,SK,수원,"6,639"
2019/06/13,목,KIA,삼성,광주,"8,130"
2019/06/13,목,NC,키움,창원,"5,762"
2019/06/14,금,키움,한화,고척,"7,089"
2019/06/14,금,삼성,KT,대구,"6,775"
2019/06/14,금,두산,LG,잠실,"18,227"
2019/06/14,금,SK,NC,문학,"9,593"
2019/06/15,토,키움,한화,고척,"13,115"
2019/06/15,토,롯데,KIA,사직,"18,595"
2019/06/15,토,삼성,KT,대구,"14,674"
2019/06/15,토,두산,LG,잠실,"23,106"
2019/06/15,토,SK,NC,문학,"17,064"
2019/06/16,일,키움,한화,고척,"7,382"
2019/06/16,일,롯데,KIA,사직,"9,113"
2019/06/16,일,삼성,KT,대구,"10,319"
2019/06/16,일,두산,LG,잠실,"17,912"
2019/06/16,일,SK,NC,문학,"11,962"
2019/06/18,화,키움,KT,고척,"2,463"
2019/06/18,화,삼성,LG,대구,"6,612"
2019/06/18,화,한화,롯데,대전,"5,008"
2019/06/18,화,두산,NC,잠실,"6,568"
2019/06/18,화,KIA,SK,광주,"7,100"
2019/06/19,수,키움,KT,고척,"2,918"
2019/06/19,수,삼성,LG,대구,"7,164"
2019/06/19,수,한화,롯데,대전,"6,874"
2019/06/19,수,두산,NC,잠실,"7,521"
2019/06/19,수,KIA,SK,광주,"7,108"
2019/06/20,목,키움,KT,고척,"3,026"
2019/06/20,목,삼성,LG,대구,"7,802"
2019/06/20,목,한화,롯데,대전,"6,834"
2019/06/20,목,두산,NC,잠실,"9,189"
2019/06/20,목,KIA,SK,광주,"8,640"
2019/06/21,금,LG,KIA,잠실,"18,316"
2019/06/21,금,KT,NC,수원,"3,742"
2019/06/21,금,SK,두산,문학,"17,571"
2019/06/21,금,한화,삼성,대전,"7,635"
2019/06/21,금,롯데,키움,사직,"9,078"
2019/06/22,토,LG,KIA,잠실,"25,000"
2019/06/22,토,KT,NC,수원,"8,109"
2019/06/22,토,SK,두산,문학,"22,094"
2019/06/22,토,한화,삼성,대전,"10,614"
2019/06/22,토,롯데,키움,사직,"12,318"
2019/06/23,일,LG,KIA,잠실,"23,321"
2019/06/23,일,KT,NC,수원,"5,636"
2019/06/23,일,SK,두산,문학,"18,717"
2019/06/23,일,한화,삼성,대전,"7,269"
2019/06/23,일,롯데,키움,사직,"8,857"
2019/06/25,화,NC,한화,창원,"7,361"
2019/06/25,화,키움,KIA,고척,"8,503"
2019/06/25,화,롯데,KT,사직,"7,416"
2019/06/25,화,삼성,두산,포항,"7,257"
2019/06/25,화,LG,SK,잠실,"9,777"
2019/06/26,수,키움,KIA,고척,"8,257"
2019/06/26,수,LG,SK,잠실,"7,888"
2019/06/27,목,NC,한화,창원,"4,612"
2019/06/27,목,키움,KIA,고척,"9,805"
2019/06/27,목,롯데,KT,사직,"5,669"
2019/06/27,목,삼성,두산,포항,"4,169"
2019/06/27,목,LG,SK,잠실,"8,475"
2019/06/28,금,KT,KIA,수원,"9,301"
2019/06/28,금,NC,LG,창원,"8,513"
2019/06/28,금,두산,롯데,잠실,"12,213"
2019/06/28,금,삼성,SK,대구,"6,808"
2019/06/28,금,한화,키움,대전,"5,749"
2019/06/29,토,KT,KIA,수원,"17,899"
2019/06/29,토,두산,롯데,잠실,"16,351"
2019/06/30,일,KT,KIA,수원,"15,005"
2019/06/30,일,NC,LG,창원,"6,462"
2019/06/30,일,두산,롯데,잠실,"14,096"
2019/06/30,일,삼성,SK,대구,"14,224"
2019/06/30,일,한화,키움,대전,"6,017"
2019/07/02,화,LG,한화,잠실,"10,360"
2019/07/02,화,SK,롯데,문학,"8,966"
2019/07/02,화,KIA,NC,광주,"4,671"
2019/07/02,화,키움,두산,고척,"6,318"
2019/07/02,화,KT,삼성,수원,"4,034"
2019/07/03,수,LG,한화,잠실,"11,170"
2019/07/03,수,SK,롯데,문학,"9,672"
2019/07/03,수,KIA,NC,광주,"6,053"
2019/07/03,수,키움,두산,고척,"6,758"
2019/07/03,수,KT,삼성,수원,"4,697"
2019/07/04,목,LG,한화,잠실,"12,362"
2019/07/04,목,SK,롯데,문학,"11,887"
2019/07/04,목,KIA,NC,광주,"6,869"
2019/07/04,목,키움,두산,고척,"7,337"
2019/07/04,목,KT,삼성,수원,"5,649"
2019/07/05,금,한화,KT,대전,"6,286"
2019/07/05,금,KIA,LG,광주,"9,532"
2019/07/05,금,키움,롯데,고척,"4,392"
2019/07/05,금,두산,SK,잠실,"13,135"
2019/07/05,금,NC,삼성,창원,"8,691"
2019/07/06,토,한화,KT,대전,"8,868"
2019/07/06,토,KIA,LG,광주,"13,989"
2019/07/06,토,키움,롯데,고척,"10,241"
2019/07/06,토,두산,SK,잠실,"17,334"
2019/07/06,토,NC,삼성,창원,"12,076"
2019/07/07,일,한화,KT,대전,"5,182"
2019/07/07,일,KIA,LG,광주,"7,570"
2019/07/07,일,키움,롯데,고척,"6,196"
2019/07/07,일,두산,SK,잠실,"12,108"
2019/07/07,일,NC,삼성,창원,"7,085"
2019/07/09,화,삼성,KIA,대구,"7,128"
2019/07/09,화,롯데,NC,사직,"15,651"
2019/07/09,화,LG,두산,잠실,"13,844"
2019/07/09,화,한화,SK,대전,"4,432"
2019/07/09,화,KT,키움,수원,"4,863"
2019/07/11,목,삼성,KIA,대구,"8,880"
2019/07/11,목,롯데,NC,사직,"5,392"
2019/07/11,목,LG,두산,잠실,"11,728"
2019/07/11,목,한화,SK,대전,"4,674"
2019/07/11,목,KT,키움,수원,"4,363"
2019/07/12,금,KIA,한화,광주,"9,208"
2019/07/12,금,NC,KT,창원,"11,213"
2019/07/12,금,롯데,두산,사직,"6,983"
2019/07/12,금,LG,삼성,잠실,"15,973"
2019/07/12,금,SK,키움,문학,"16,532"
2019/07/13,토,KIA,한화,광주,"20,500"
2019/07/13,토,NC,KT,창원,"10,805"
2019/07/13,토,롯데,두산,사직,"13,384"
2019/07/13,토,LG,삼성,잠실,"21,094"
2019/07/13,토,SK,키움,문학,"22,061"
2019/07/14,일,KIA,한화,광주,"9,687"
2019/07/14,일,NC,KT,창원,"6,734"
2019/07/14,일,롯데,두산,사직,"6,263"
2019/07/14,일,LG,삼성,잠실,"14,603"
2019/07/14,일,SK,키움,문학,"18,767"
2019/07/16,화,두산,KT,잠실,"6,156"
2019/07/16,화,SK,LG,문학,"10,846"
2019/07/16,화,한화,NC,청주,"7,240"
2019/07/16,화,키움,삼성,고척,"4,626"
2019/07/17,수,두산,KT,잠실,"7,104"
2019/07/17,수,SK,LG,문학,"16,347"
2019/07/17,수,KIA,롯데,광주,"6,809"
2019/07/17,수,한화,NC,청주,"8,184"
2019/07/17,수,키움,삼성,고척,"4,853"
2019/07/18,목,두산,KT,잠실,"8,129"
2019/07/18,목,SK,LG,문학,"12,622"
2019/07/18,목,KIA,롯데,광주,"4,171"
2019/07/18,목,한화,NC,청주,"6,846"
2019/07/18,목,키움,삼성,고척,"6,535"
2019/07/26,금,삼성,한화,대구,"6,612"
2019/07/26,금,키움,NC,고척,"3,643"
2019/07/26,금,롯데,SK,사직,"5,485"
2019/07/27,토,삼성,한화,대구,"13,596"
2019/07/27,토,두산,KIA,잠실,"17,926"
2019/07/27,토,KT,LG,수원,"12,451"
2019/07/27,토,키움,NC,고척,"9,385"
2019/07/27,토,롯데,SK,사직,"7,761"
2019/07/28,일,삼성,한화,대구,"11,347"
2019/07/28,일,KT,LG,수원,"9,061"
2019/07/28,일,키움,NC,고척,"4,565"
2019/07/28,일,롯데,SK,사직,"5,206"
2019/07/30,화,KT,한화,수원,"5,805"
2019/07/30,화,SK,KIA,문학,"16,881"
2019/07/30,화,삼성,롯데,대구,"9,374"
2019/07/30,화,NC,두산,창원,"7,435"
2019/07/30,화,LG,키움,잠실,"9,570"
2019/07/31,수,KT,한화,수원,"4,816"
2019/07/31,수,SK,KIA,문학,"8,871"
2019/07/31,수,삼성,롯데,대구,"10,194"
2019/07/31,수,NC,두산,창원,"7,672"
2019/07/31,수,LG,키움,잠실,"8,027"
2019/08/01,목,KT,한화,수원,"7,025"
2019/08/01,목,SK,KIA,문학,"17,646"
2019/08/01,목,삼성,롯데,대구,"10,092"
2019/08/01,목,NC,두산,창원,"7,324"
2019/08/01,목,LG,키움,잠실,"10,007"
2019/08/03,토,키움,KT,고척,"7,149"
2019/08/03,토,KIA,NC,광주,"11,249"
2019/08/03,토,롯데,두산,사직,"8,841"
2019/08/03,토,한화,SK,대전,"9,193"
2019/08/03,토,LG,삼성,잠실,"18,146"
2019/08/04,일,키움,KT,고척,"4,938"
2019/08/04,일,KIA,NC,광주,"9,024"
2019/08/04,일,롯데,두산,사직,"5,709"
2019/08/04,일,한화,SK,대전,"5,117"
2019/08/04,일,LG,삼성,잠실,"12,408"
2019/08/06,화,두산,한화,잠실,"10,934"
2019/08/06,화,SK,KT,문학,"7,968"
2019/08/06,화,KIA,LG,광주,"5,722"
2019/08/07,수,두산,한화,잠실,"10,137"
2019/08/07,수,SK,KT,문학,"7,443"
2019/08/07,수,KIA,LG,광주,"4,981"
2019/08/07,수,NC,삼성,창원,"6,752"
2019/08/07,수,롯데,키움,울산,"5,070"
2019/08/08,목,KIA,한화,광주,"5,790"
2019/08/08,목,두산,KT,잠실,"6,334"
2019/08/08,목,NC,LG,창원,"7,571"
2019/08/08,목,삼성,롯데,대구,"7,738"
2019/08/08,목,키움,SK,고척,"6,811"
2019/08/09,금,KIA,한화,광주,"8,524"
2019/08/09,금,두산,KT,잠실,"6,126"
2019/08/09,금,NC,LG,창원,"8,661"
2019/08/09,금,삼성,롯데,대구,"7,679"
2019/08/09,금,키움,SK,고척,"3,583"
2019/08/10,토,KT,한화,수원,"10,384"
2019/08/10,토,삼성,KIA,대구,"20,159"
2019/08/10,토,NC,롯데,창원,"13,038"
2019/08/10,토,키움,두산,고척,"11,234"
2019/08/10,토,LG,SK,잠실,"12,450"
2019/08/11,일,KT,한화,수원,"7,422"
2019/08/11,일,삼성,KIA,대구,"6,803"
2019/08/11,일,NC,롯데,창원,"9,235"
2019/08/11,일,키움,두산,고척,"7,812"
2019/08/11,일,LG,SK,잠실,"8,495"
2019/08/13,화,롯데,KT,사직,"7,207"
2019/08/13,화,한화,NC,대전,"5,167"
2019/08/13,화,KIA,두산,광주,"6,068"
2019/08/13,화,SK,삼성,문학,"7,978"
2019/08/13,화,LG,키움,잠실,"7,224"
2019/08/14,수,롯데,KT,사직,"4,618"
2019/08/14,수,한화,NC,대전,"5,298"
2019/08/14,수,KIA,두산,광주,"6,962"
2019/08/14,수,LG,키움,잠실,"9,092"
2019/08/15,목,롯데,한화,사직,"4,604"
2019/08/15,목,키움,NC,고척,"6,820"
2019/08/15,목,KIA,SK,광주,"10,770"
2019/08/16,금,롯데,한화,사직,"9,189"
2019/08/16,금,두산,LG,잠실,"13,162"
2019/08/16,금,키움,NC,고척,"3,813"
2019/08/16,금,KIA,SK,광주,"11,025"
2019/08/16,금,KT,삼성,수원,"7,564"
2019/08/17,토,키움,한화,고척,"9,255"
2019/08/17,토,KIA,KT,광주,"12,606"
2019/08/17,토,삼성,LG,대구,"13,533"
2019/08/17,토,두산,롯데,잠실,"15,215"
2019/08/17,토,NC,SK,창원,"10,051"
2019/08/18,일,키움,한화,고척,"6,148"
2019/08/18,일,KIA,KT,광주,"10,240"
2019/08/18,일,삼성,LG,대구,"9,889"
2019/08/18,일,두산,롯데,잠실,"11,437"
2019/08/18,일,NC,SK,창원,"8,594"
